Haywood Park Hotel, Asheville:2017-11-29:0:None:$330:4 :0:1 Battery Park Ave, Asheville, NC, 28801, United States of America, 800-491-6126:28801 :4-star hotel with restaurant, near Asheville Mall :1:1:33:0
Country Inn & Suites By Carlson, Asheville Westgate, NC, Asheville:2017-11-29:0:$289:$146:3 :0:22 Westgate Parkway, Asheville, NC, 28806, United States of America, 855-239-9401:28806 :Mountain Asheville hotel with indoor pool :1:1:94:1
Country Inn & Suites By Carlson Asheville Downtown Tunnel Rd, Asheville:2017-11-29:0:$264:$136:3 :0:199 Tunnel Rd, Asheville, NC, 28805, United States of America, 855-239-9401:28805 :3-star hotel with indoor pool, near Asheville Mall :1:1:74:1
Extended Stay America - Asheville - Tunnel Road, Asheville:2017-11-29:0:$145:$90:2.5 :0:6 Kenilworth Knoll, Asheville, NC, 28805, United States of America, 800-658-6760:28805 :Within easy reach of Asheville Mall :1:1:101:0
Highland Lake Inn & Resort, Flat Rock:2017-11-29:0:$249:$140:3 :0:86 Lily Pad Lane, Flat Rock, NC, 28731, United States of America, 800-491-6126:28731 :Mountain lodge in Flat Rock with outdoor pool, restaurant :1:1:52:1
Bunn House - A Boutique Hotel, Asheville:2017-11-29:0:$394:$351:4 :0:15 Clayton Street, Asheville, NC, 28801, United States of America, 800-491-6126:28801 :Adults-only hotel within easy reach of Asheville Mall :1:1:5:0
Baymont Inn & Suites Asheville/Biltmore, Asheville:2017-11-29:0:None:$129:2.5 :0:204 Hendersonville Rd, Asheville, NC, 28803, United States of America, 866-538-6206:28803 :Mountain hotel with indoor pool, near Biltmore Estate :1:1:71:1
Best Western Asheville Tunnel Road, Asheville:2017-11-29:0:$219:$98:2.5 :0:501 Tunnel Rd, Asheville, NC, 28805, United States of America, 866-925-8648:28805 :Hotel with outdoor pool, near Asheville Mall :1:1:95:1
Super 8 Asheville Tunnel Road, Asheville:2017-11-29:0:$150:$83:2.5 :0:180 Tunnel Rd, Asheville, NC, 28805, United States of America, 855-238-1592:28805 :Convenient to Asheville Mall :1:1:57:0
The Pines Cottages, Asheville:2017-11-29:0:$136:$116:3 :0:346 Weaverville Road, Asheville, NC, 28804, United States of America, 800-491-6126:28804 :Comfortable Asheville accommodations with kitchens :1:0:13:0
Posh Boutique Hotel, Asheville:2017-11-29:0:$428:$367:3.5 :0:8 Village Lane, Asheville, NC, 28803, United States of America, 800-491-6126:28803 :Comfortable condo with fireplace, near Biltmore Estate :1:0:8:0
Country Inn & Suites By Carlson, at Asheville Outlet Mall, Asheville:2017-11-29:0:None:$123:2.5 :0:845 Brevard Road, Asheville, NC, 28806, United States of America, 855-239-9401:28806 :Mountain Asheville hotel with outdoor pool :1:1:57:1
The Applewood Manor, Asheville:2017-11-29:0:$296:$255:4 :0:62 Cumberland Circle, Asheville, NC, 28801, United States of America, 800-491-6126:28801 :Upscale Asheville guestrooms with jetted bathtubs :1:1:6:0
Cascades Mountain Resort, Hendersonville:2017-11-29:0:$175:$137:3.5 :0:201 Sugarloaf Road, Hendersonville, NC, 28792, United States of America, 800-491-6126:28792 :3.5-star resort in Hendersonville with 2 indoor pools, restaurant :1:1:100:1
Engadine Inn & Cabins, Candler:2017-11-29:0:$291:$210:3 :0:2630 Smokey Park Hwy, Candler, NC, 28715, United States of America, 800-491-6126:28715 :Candler mountain guestrooms with fireplaces :1:1:11:0
Rumbling Bald Resort, Lake Lure:2017-11-29:0:None:$141:3 :0:112 Mountains Blvd., Lake Lure, NC, 28746, United States of America, 800-491-6126:28746 :Lake Lure beachfront condo with balcony :0:0:52:1
Asheville River Cabins, Arden:2017-11-29:0:None:$164:3.5 :0:55 Parkway Lane, Arden, NC, 28704, United States of America, 800-491-6126:28704 :3.5-star Arden cabin with golf course :1:0:7:0
Mountain Lodge & Conference Center, Flat Rock:2017-11-29:0:None:$129:3.5 :0:42 Mcmurray Rd, Flat Rock, NC, 28731, United States of America, 800-491-6126:28731 :3.5-star Flat Rock hotel with indoor pool :1:1:64:1
Wingate By Wyndham Asheville Airport, Fletcher:2017-11-29:0:None:$99:2.5 :0:155 Underwood Rd, Fletcher, NC, 28732, United States of America, 800-491-6126:28732 :No-frills Fletcher hotel with indoor pool :1:1:114:1
Super 8 Asheville Airport, Fletcher:2017-11-29:0:None:$79:2 :0:183 Underwood Rd, Fletcher, NC, 28732, United States of America, 855-238-1592:28732 :No-frills motel in Fletcher :1:1:60:0
The Mountaineer Inn, Asheville:2017-11-29:0:$85:$69:2 :0:155 Tunnel Road, Asheville, NC, 28805-1887, United States of America, 800-491-6126:28805-1887 :Mountain motel with outdoor pool, near Asheville Mall :1:1:76:1
The Esmeralda Inn, Lake Lure:2017-11-29:0:None:$187:3.5 :0:910 Main Street, Chimney Rock, Lake Lure, NC, 28720, United States of America, 800-491-6126:28720 :3.5-star hotel in Lake Lure with outdoor pool, restaurant :1:1:14:1
1898 Waverly Inn, Hendersonville:2017-11-29:0:$194:$170:3 :0:783 N Main St, Hendersonville, NC, 28792, United States of America, 800-491-6126:28792 :Hendersonville B&B; in city center :1:1:15:0
Days Inn Asheville West, Candler:2017-11-29:0:$100:$64:2 :0:2551 Smoky Park Hwy, I-40, Exit 37, Candler, NC, 28715, United States of America, 855-238-1590:28715 :No-frills Candler motel with outdoor pool :1:1:112:1
Red Roof Inn Asheville West, Asheville:2017-11-29:0:$93:$84:2 :0:16 Crowell Road, Asheville, NC, 28806, United States of America, 855-239-9400:28806 :No-frills motel in Asheville :1:0:109:0
Paradise Cozy Cabins, Mill Spring:2017-11-29:0:None:$129:3.5 :0:7505 North Carolina 108 East, Mill Spring, NC, 28756, United States of America, 800-491-6126:28756 :Mill Spring mountain cabins with kitchens :1:0:2:0
Motel 6 Asheville, Asheville:2017-11-29:0:$74:$63:2 :0:1415 Tunnel Rd, Asheville, NC, 28805, United States of America, 800-491-6126:28805 :No-frills Asheville motel with outdoor pool :0:0:105:1
WoodSpring Suites Asheville, Asheville:2017-11-29:0:$120:$51:2.5 :0:40 Monte Vista Rd, Asheville, NC, 28806, United States of America, 800-491-6126:28806 :No-frills Asheville guestrooms with kitchens :1:0:105:0
The Asheville Inn, Asheville:2017-11-29:0:$125:$80:2 :0:1 Acton Circle, Asheville, NC, 28806, United States of America, 800-491-6126:28806 :No-frills motel in Asheville :1:0:25:0
The Monte Vista Hotel, Black Mountain:2017-11-29:0:None:$149:3 :0:308 West State St., Black Mountain, NC, 28711, United States of America, 800-491-6126:28711 :3-star hotel in Black Mountain with restaurant, bar/lounge :1:1:45:0
My Place Inn, Black Mountain:2017-11-29:0:$175:$157:3.5 :0:1120 Montreat Road, Black Mountain, NC, 28711, United States of America, 800-491-6126:28711 :3.5-star B&B; in Black Mountain :1:1:4:0
Country Inn & Suites By Carlson Asheville Downtown Tunnel Rd, Asheville:2017-11-30:0:$264:$143:3 :0:199 Tunnel Rd, Asheville, NC, 28805, United States of America, 855-239-9401:28805 :3-star hotel with indoor pool, near Asheville Mall :1:1:74:1
Hyatt Place Asheville/Downtown, Asheville:2017-11-30:0:$449:$157:3 :0:199 Haywood St, Asheville, NC, 28801, United States of America, 866-539-8122:28801 :Mountain hotel in Downtown Asheville with indoor pool, restaurant :1:1:140:1
Country Inn & Suites by Carlson Asheville W. Biltmore Estate, Asheville:2017-11-30:0:$169:$126:3 :0:1914 Old Haywood Rd, Asheville, NC, 28806, United States of America, 855-239-9401:28806 :Asheville Victorian hotel with outdoor pool :1:1:80:1
Country Inn & Suites By Carlson, Asheville Westgate, NC, Asheville:2017-11-30:0:$289:$153:3 :0:22 Westgate Parkway, Asheville, NC, 28806, United States of America, 855-239-9401:28806 :Mountain Asheville hotel with indoor pool :1:1:94:1
Holiday Inn Asheville Biltmore, Asheville:2017-11-30:0:$175:$120:3 :0:435 Smokey Park Hwy, Asheville, NC, 28806, United States of America, 855-239-9227:28806 :3-star hotel in Asheville with outdoor pool, indoor pool :1:0:156:1
Holiday Inn & Suites Asheville Downtown, Asheville:2017-11-30:0:$179:$131:3 :0:42 Tunnel Rd, Asheville, NC, 28805, United States of America, 855-239-9227:28805 :3-star hotel with outdoor pool, near Asheville Mall :1:0:111:1
Crowne Plaza Resort Asheville, Asheville:2017-11-30:0:$265:$125:3.5 :0:1 Resort Dr, Asheville, NC, 28806, United States of America, 800-491-6126:28806 :3.5-star hotel in Asheville with 2 outdoor pools, golf course :1:0:274:1
Super 8 Asheville Tunnel Road, Asheville:2017-11-30:0:$150:$85:2.5 :0:180 Tunnel Rd, Asheville, NC, 28805, United States of America, 855-238-1592:28805 :Convenient to Asheville Mall :1:1:57:0
Holiday Inn Asheville-Biltmore East, Asheville:2017-11-30:0:$198:$118:3 :0:1450 Tunnel Rd, Asheville, NC, 28805, United States of America, 855-239-9227:28805 :Mountain hotel in Asheville with outdoor pool, restaurant :1:0:111:1
Echo Mountain Inn, Hendersonville:2017-11-30:0:None:$82:3.5 :0:2849 Laurel Park Highway, Hendersonville, NC, 28739, United States of America, 800-491-6126:28739 :Mountain Hendersonville B&B; with outdoor pool :1:1:25:1
Hilton Asheville Biltmore Park, Asheville:2017-11-30:0:$192:$190:3.5 :0:43 Town Square Blvd, Asheville, NC, 28803, United States of America, 855-239-9397:28803 :3.5-star hotel in Asheville with spa, indoor pool :1:0:165:1
Best Western Asheville Tunnel Road, Asheville:2017-11-30:0:$219:$102:2.5 :0:501 Tunnel Rd, Asheville, NC, 28805, United States of America, 866-925-8648:28805 :Hotel with outdoor pool, near Asheville Mall :1:1:95:1
Asheville River Cabins, Arden:2017-11-30:0:None:$165:3.5 :0:55 Parkway Lane, Arden, NC, 28704, United States of America, 800-491-6126:28704 :3.5-star Arden cabin with golf course :1:0:7:0
Holiday Inn Hotel & Suites-Asheville-Biltmore VLG Area, Asheville:2017-11-30:0:$220:$141:2.5 :0:186 HENDERSONVILLE ROAD, Asheville, NC, 28803, United States of America, 855-239-9227:28803 :Mountain hotel with indoor pool, near Biltmore Estate :1:0:117:1
The Pines Cottages, Asheville:2017-11-30:0:None:$138:3 :0:346 Weaverville Road, Asheville, NC, 28804, United States of America, 800-491-6126:28804 :Comfortable Asheville accommodations with kitchens :1:0:13:0
Holiday Inn Hotel & Suites-Asheville-Biltmore VLG Area, Asheville:2017-11-30:0:$220:$141:2.5 :0:186 HENDERSONVILLE ROAD, Asheville, NC, 28803, United States of America, 855-239-9227:28803 :Mountain hotel with indoor pool, near Biltmore Estate :1:0:117:1
1898 Waverly Inn, Hendersonville:2017-11-30:0:$194:$171:3 :0:783 N Main St, Hendersonville, NC, 28792, United States of America, 800-491-6126:28792 :Hendersonville B&B; in city center :1:1:15:0
Four Points by Sheraton Asheville Downtown, Asheville:2017-11-30:0:$309:$184:3 :0:22 Woodfin St, Asheville, NC, 28801, United States of America, 855-239-9480:28801 :Mountain hotel with outdoor pool, near Asheville Mall :1:0:150:1
Days Inn Asheville/Tunnel Road & I-40, Asheville:2017-11-30:0:$95:$92:2.5 :0:1435 Tunnel Rd, Asheville, NC, 28805, United States of America, 855-238-1590:28805 :No-frills Asheville hotel with outdoor pool :1:1:84:1
Mill House Lodge, Flat Rock:2017-11-30:0:None:$89:3 :0:1150 W Blue Ridge Rd., Flat Rock, NC, 28731, United States of America, 800-491-6126:28731 :3-star beachfront lodge in Flat Rock with outdoor pool :1:0:44:1
Hotel Indigo Asheville Downtown, Asheville:2017-11-30:0:$474:$214:3.5 :0:151 Haywood Street, Asheville, NC, 28801, United States of America, 800-491-6126:28801 :3.5-star hotel in Downtown Asheville with restaurant, bar/lounge :1:0:115:0
Residence Inn by Marriott Asheville Biltmore, Asheville:2017-11-30:0:$359:$164:3 :0:701 Biltmore Avenue, Asheville, NC, 28803, United States of America, 855-239-9485:28803 :3-star hotel with indoor pool, near Asheville Mall :1:1:72:1
Wingate By Wyndham Asheville Airport, Fletcher:2017-11-30:0:None:$101:2.5 :0:155 Underwood Rd, Fletcher, NC, 28732, United States of America, 800-491-6126:28732 :No-frills Fletcher hotel with indoor pool :1:1:114:1
Brookstone Lodge, Asheville:2017-11-30:0:$189:$141:3 :0:4 Roberts Rd, Asheville, NC, 28803, United States of America, 800-491-6126:28803 :City-center Asheville hotel with indoor pool :1:1:73:1
Extended Stay America - Asheville - Tunnel Road, Asheville:2017-11-30:0:$145:$92:2.5 :0:6 Kenilworth Knoll, Asheville, NC, 28805, United States of America, 800-658-6760:28805 :Within easy reach of Asheville Mall :1:1:101:0
AC Hotel Asheville Downtown, Asheville:2017-11-30:0:None:$271:3.5 :0:10 Broadway Street, Asheville, NC, 28801, United States of America, 800-491-6126:28801 :3.5-star hotel with restaurant, near Asheville Mall :1:0:132:0
Courtyard by Marriott Asheville, Asheville:2017-11-30:0:$259:$147:3 :0:1 Buckstone Pl, Asheville, NC, 28805, United States of America, 855-239-9399:28805 :Mountain hotel with indoor pool, near Asheville Mall :1:0:78:1
Baymont Inn & Suites Asheville/Biltmore, Asheville:2017-11-30:0:None:$135:2.5 :0:204 Hendersonville Rd, Asheville, NC, 28803, United States of America, 866-538-6206:28803 :Mountain hotel with indoor pool, near Biltmore Estate :1:1:71:1
Mountain Lodge & Conference Center, Flat Rock:2017-11-30:0:None:$131:3.5 :0:42 Mcmurray Rd, Flat Rock, NC, 28731, United States of America, 800-491-6126:28731 :3.5-star Flat Rock hotel with indoor pool :1:1:64:1
Aloft Asheville Downtown, Asheville:2017-11-30:0:$302:$272:3 :0:51 Biltmore Avenue, Asheville, NC, 28801, United States of America, 800-491-6126:28801 :3-star hotel with outdoor pool, near Asheville Mall :1:0:115:1
Clarion Inn Asheville Airport, Fletcher:2017-11-30:0:$164:$103:3 :0:550 Airport Road, Fletcher, NC, 28732, United States of America, 800-491-6126:28732 :Mountain hotel in Fletcher with outdoor pool, indoor pool :1:1:150:1
Homewood Suites by Hilton - Asheville, Asheville:2017-11-30:0:$212:$204:3 :0:88 Tunnel Rd, Asheville, NC, 28805, United States of America, 855-239-9397:28805 :Mountain hotel with indoor pool, near Asheville Mall :1:1:94:1
1906 Pine Crest Inn & Restaurant, Tryon:2017-11-30:0:$170:$138:3.5 :0:85 Pine Crest Lane, Tryon, NC, 28782, United States of America, 800-491-6126:28782 :3.5-star B&B; in Tryon with restaurant, bar/lounge :1:1:35:0
Courtyard by Marriott Asheville Airport, Arden:2017-11-30:0:$234:$151:3 :0:360 Rockwood Rd, Arden, NC, 28704, United States of America, 855-239-9399:28704 :3-star hotel in Arden with indoor pool, restaurant :1:0:91:1
Clarion Inn Biltmore Village, Asheville:2017-11-30:0:$229:$118:2.5 :0:234 Hendersonville Rd, Asheville, NC, 28803, United States of America, 800-491-6126:28803 :Motel with outdoor pool, near Biltmore Estate :1:1:70:1
Albemarle Inn, Asheville:2017-11-30:0:None:$195:3.5 :0:86 Edgemont Road, Asheville, NC, 28801-1544, United States of America, 800-491-6126:28801-1544 :Asheville B&B; in historical district :1:1:11:0
Quality Inn & Suites Port Huron, Asheville:2017-11-30:0:$169:$144:2.5 :0:1 Wedgefield Dr, Asheville, NC, 28806, United States of America, 855-239-9222:28806 :No-frills Asheville hotel with outdoor pool :1:1:108:1
Comfort Suites Outlet Center, Asheville:2017-11-30:0:$220:$122:2.5 :0:890 Brevard Road, Asheville, NC, 28806, United States of America, 855-239-9228:28806 :Mountain hotel in Asheville with outdoor pool, 24-hour fitness :1:1:125:1
Cascades Mountain Resort, Hendersonville:2017-11-30:0:$175:$136:3.5 :0:201 Sugarloaf Road, Hendersonville, NC, 28792, United States of America, 800-491-6126:28792 :3.5-star resort in Hendersonville with 2 indoor pools, restaurant :1:1:100:1
Highland Lake Inn & Resort, Flat Rock:2017-11-30:0:$249:$142:3 :0:86 Lily Pad Lane, Flat Rock, NC, 28731, United States of America, 800-491-6126:28731 :Mountain lodge in Flat Rock with outdoor pool, restaurant :1:1:52:1
Quality Inn & Suites Biltmore East, Asheville:2017-11-30:0:$140:$89:2.5 :0:1430 Tunnel Road, Asheville, NC, 28805, United States of America, 855-239-9223:28805 :Asheville Art Deco hotel with outdoor pool :1:1:132:1
The Charleston Inn, Hendersonville:2017-11-30:0:$189:$149:3 :0:755 North Main Street, Hendersonville, NC, 28792, United States of America, 800-491-6126:28792 :Mountain B&B; in Hendersonville with restaurant, bar/lounge :0:1:16:0
Fibber MaGees Riverfront Inn, Chimney Rock:2017-11-30:0:$139:$121:3 :0:339 Main Street, Chimney Rock, Chimney Rock, NC, 28720, United States of America, 800-491-6126:28720 :Mountain B&B; in Chimney Rock :1:1:8:0
The Esmeralda Inn, Lake Lure:2017-11-30:0:None:$187:3.5 :0:910 Main Street, Chimney Rock, Lake Lure, NC, 28720, United States of America, 800-491-6126:28720 :3.5-star hotel in Lake Lure with outdoor pool, restaurant :1:1:14:1
Holiday Inn Express Hotel & Suites Brevard, Brevard:2017-11-30:0:$159:$78:2.5 :0:2228 Asheville Hwy, Brevard, NC, 28712, United States of America, 855-239-9222:28712 :No-frills Brevard hotel with outdoor pool :1:1:63:1
The Monte Vista Hotel, Black Mountain:2017-11-30:0:None:$149:3 :0:308 West State St., Black Mountain, NC, 28711, United States of America, 800-491-6126:28711 :3-star hotel in Black Mountain with restaurant, bar/lounge :1:1:45:0
Willowbrook Inn, Lake Lure:2017-11-30:0:$116:$106:3 :0:103 Resort Lane, Lake Lure, NC, 28746, United States of America, 800-491-6126:28746 :Lake Lure mountain guestrooms with balconies :1:0:8:0
Quality Inn, Black Mountain:2017-11-30:0:$140:$89:2.5 :0:585 Sr 9, Black Mountain, NC, 28711, United States of America, 855-239-9223:28711 :No-frills Black Mountain hotel with outdoor pool :1:1:57:1
SpringHill Suites by Marriott Asheville, Asheville:2017-11-30:0:$279:$171:3 :0:2 Buckstone Place, Asheville, NC, 28805, United States of America, 855-239-9485:28805 :Mountain hotel with indoor pool, near Asheville Mall :1:1:88:1
Hilton Garden Inn Asheville Downtown, Asheville:2017-11-30:0:$265:$263:3 :0:309 College St, Asheville, NC, 28801, United States of America, 855-239-9477:28801 :3-star hotel with 2 bars/lounges, near Asheville Mall :1:0:2:1
My Place Inn, Black Mountain:2017-11-30:0:$175:$158:3.5 :0:1120 Montreat Road, Black Mountain, NC, 28711, United States of America, 800-491-6126:28711 :3.5-star B&B; in Black Mountain :1:1:4:0
Quality Inn West of Asheville, Canton:2017-11-30:0:$90:$73:2.5 :0:737 Champion Dr, Canton, NC, 28716, United States of America, 855-239-9223:28716 :No-frills Canton hotel with outdoor pool :1:1:75:1
Hampton Inn Hendersonville, Hendersonville:2017-11-30:0:$145:$113:2.5 :0:155 Sugarloaf Rd, Hendersonville, NC, 28792, United States of America, 855-238-1591:28792 :Mountain hotel in Hendersonville with indoor pool, 24-hour fitness :1:1:109:1
Red Roof Inn Asheville West, Asheville:2017-11-30:0:$95:$87:2 :0:16 Crowell Road, Asheville, NC, 28806, United States of America, 855-239-9400:28806 :No-frills motel in Asheville :1:0:109:0
Acorn Cabins Lake Lure, Lake Lure:2017-11-30:0:None:$165:3 :0:359 Seton Road, Lake Lure, NC, 28746, United States of America, 800-491-6126:28746 :Lake Lure mountain cabins with private spa tubs :1:0:4:0
Country Inn & Suites By Carlson Asheville Downtown Tunnel Rd, Asheville:2017-12-01:0:$264:$154:3 :0:199 Tunnel Rd, Asheville, NC, 28805, United States of America, 855-239-9401:28805 :3-star hotel with indoor pool, near Asheville Mall :1:1:74:1
Country Inn & Suites By Carlson, Asheville Westgate, NC, Asheville:2017-12-01:0:$289:$162:3 :0:22 Westgate Parkway, Asheville, NC, 28806, United States of America, 855-239-9401:28806 :Mountain Asheville hotel with indoor pool :1:1:94:1
Haywood Park Hotel, Asheville:2017-12-01:0:None:$339:4 :0:1 Battery Park Ave, Asheville, NC, 28801, United States of America, 800-491-6126:28801 :4-star hotel with restaurant, near Asheville Mall :1:1:33:0
Highland Lake Inn & Resort, Flat Rock:2017-12-01:0:$249:$145:3 :0:86 Lily Pad Lane, Flat Rock, NC, 28731, United States of America, 800-491-6126:28731 :Mountain lodge in Flat Rock with outdoor pool, restaurant :1:1:52:1
Extended Stay America - Asheville - Tunnel Road, Asheville:2017-12-01:0:$145:$94:2.5 :0:6 Kenilworth Knoll, Asheville, NC, 28805, United States of America, 800-658-6760:28805 :Within easy reach of Asheville Mall :1:1:101:0
Cascades Mountain Resort, Hendersonville:2017-12-01:0:$175:$134:3.5 :0:201 Sugarloaf Road, Hendersonville, NC, 28792, United States of America, 800-491-6126:28792 :3.5-star resort in Hendersonville with 2 indoor pools, restaurant :1:1:100:1
1898 Waverly Inn, Hendersonville:2017-12-01:0:$194:$173:3 :0:783 N Main St, Hendersonville, NC, 28792, United States of America, 800-491-6126:28792 :Hendersonville B&B; in city center :1:1:15:0
Mountain Lodge & Conference Center, Flat Rock:2017-12-01:0:None:$131:3.5 :0:42 Mcmurray Rd, Flat Rock, NC, 28731, United States of America, 800-491-6126:28731 :3.5-star Flat Rock hotel with indoor pool :1:1:64:1
Super 8 Asheville Tunnel Road, Asheville:2017-12-01:0:$150:$89:2.5 :0:180 Tunnel Rd, Asheville, NC, 28805, United States of America, 855-238-1592:28805 :Convenient to Asheville Mall :1:1:57:0
Country Inn & Suites By Carlson, at Asheville Outlet Mall, Asheville:2017-12-01:0:None:$136:2.5 :0:845 Brevard Road, Asheville, NC, 28806, United States of America, 855-239-9401:28806 :Mountain Asheville hotel with outdoor pool :1:1:57:1
Best Western Asheville Tunnel Road, Asheville:2017-12-01:0:$219:$108:2.5 :0:501 Tunnel Rd, Asheville, NC, 28805, United States of America, 866-925-8648:28805 :Hotel with outdoor pool, near Asheville Mall :1:1:95:1
The Esmeralda Inn, Lake Lure:2017-12-01:0:None:$188:3.5 :0:910 Main Street, Chimney Rock, Lake Lure, NC, 28720, United States of America, 800-491-6126:28720 :3.5-star hotel in Lake Lure with outdoor pool, restaurant :1:1:14:1
Baymont Inn & Suites Asheville/Biltmore, Asheville:2017-12-01:0:None:$143:2.5 :0:204 Hendersonville Rd, Asheville, NC, 28803, United States of America, 866-538-6206:28803 :Mountain hotel with indoor pool, near Biltmore Estate :1:1:71:1
Asheville River Cabins, Arden:2017-12-01:0:None:$166:3.5 :0:55 Parkway Lane, Arden, NC, 28704, United States of America, 800-491-6126:28704 :3.5-star Arden cabin with golf course :1:0:7:0
The Pines Cottages, Asheville:2017-12-01:0:None:$141:3 :0:346 Weaverville Road, Asheville, NC, 28804, United States of America, 800-491-6126:28804 :Comfortable Asheville accommodations with kitchens :1:0:13:0
Wingate By Wyndham Asheville Airport, Fletcher:2017-12-01:0:None:$103:2.5 :0:155 Underwood Rd, Fletcher, NC, 28732, United States of America, 800-491-6126:28732 :No-frills Fletcher hotel with indoor pool :1:1:114:1
Echo Mountain Inn, Hendersonville:2017-12-01:0:None:$83:3.5 :0:2849 Laurel Park Highway, Hendersonville, NC, 28739, United States of America, 800-491-6126:28739 :Mountain Hendersonville B&B; with outdoor pool :1:1:25:1
Bunn House - A Boutique Hotel, Asheville:2017-12-01:0:$394:$349:4 :0:15 Clayton Street, Asheville, NC, 28801, United States of America, 800-491-6126:28801 :Adults-only hotel within easy reach of Asheville Mall :1:1:5:0
Mill House Lodge, Flat Rock:2017-12-01:0:None:$90:3 :0:1150 W Blue Ridge Rd., Flat Rock, NC, 28731, United States of America, 800-491-6126:28731 :3-star beachfront lodge in Flat Rock with outdoor pool :1:0:44:1
Engadine Inn & Cabins, Candler:2017-12-01:0:$291:$211:3 :0:2630 Smokey Park Hwy, Candler, NC, 28715, United States of America, 800-491-6126:28715 :Candler mountain guestrooms with fireplaces :1:1:11:0
Posh Boutique Hotel, Asheville:2017-12-01:0:$440:$396:3.5 :0:8 Village Lane, Asheville, NC, 28803, United States of America, 800-491-6126:28803 :Comfortable condo with fireplace, near Biltmore Estate :1:0:8:0
Paradise Cozy Cabins, Mill Spring:2017-12-01:0:None:$129:3.5 :0:7505 North Carolina 108 East, Mill Spring, NC, 28756, United States of America, 800-491-6126:28756 :Mill Spring mountain cabins with kitchens :1:0:2:0
1906 Pine Crest Inn & Restaurant, Tryon:2017-12-01:0:$170:$140:3.5 :0:85 Pine Crest Lane, Tryon, NC, 28782, United States of America, 800-491-6126:28782 :3.5-star B&B; in Tryon with restaurant, bar/lounge :1:1:35:0
Rumbling Bald Resort, Lake Lure:2017-12-01:0:None:$143:3 :0:112 Mountains Blvd., Lake Lure, NC, 28746, United States of America, 800-491-6126:28746 :Lake Lure beachfront condo with balcony :0:0:52:1
The Charleston Inn, Hendersonville:2017-12-01:0:$189:$149:3 :0:755 North Main Street, Hendersonville, NC, 28792, United States of America, 800-491-6126:28792 :Mountain B&B; in Hendersonville with restaurant, bar/lounge :0:1:16:0
Cambria hotel & suites Downtown Asheville, Asheville:2017-12-01:0:None:$195:3.5 :0:15 Page Ave, Asheville, NC, 28801, United States of America, 800-491-6126:28801 :3.5-star hotel in Asheville with restaurant, bar/lounge :1:0:136:0
The Monte Vista Hotel, Black Mountain:2017-12-01:0:None:$149:3 :0:308 West State St., Black Mountain, NC, 28711, United States of America, 800-491-6126:28711 :3-star hotel in Black Mountain with restaurant, bar/lounge :1:1:45:0
Fibber MaGees Riverfront Inn, Chimney Rock:2017-12-01:0:$139:$121:3 :0:339 Main Street, Chimney Rock, Chimney Rock, NC, 28720, United States of America, 800-491-6126:28720 :Mountain B&B; in Chimney Rock :1:1:8:0
My Place Inn, Black Mountain:2017-12-01:0:$175:$160:3.5 :0:1120 Montreat Road, Black Mountain, NC, 28711, United States of America, 800-491-6126:28711 :3.5-star B&B; in Black Mountain :1:1:4:0
The Applewood Manor, Asheville:2017-12-01:0:$294:$262:4 :0:62 Cumberland Circle, Asheville, NC, 28801, United States of America, 800-491-6126:28801 :Upscale Asheville guestrooms with jetted bathtubs :1:1:6:0
Acorn Cabins Lake Lure, Lake Lure:2017-12-01:0:None:$166:3 :0:359 Seton Road, Lake Lure, NC, 28746, United States of America, 800-491-6126:28746 :Lake Lure mountain cabins with private spa tubs :1:0:4:0
Willowbrook Inn, Lake Lure:2017-12-01:0:$117:$107:3 :0:103 Resort Lane, Lake Lure, NC, 28746, United States of America, 800-491-6126:28746 :Lake Lure mountain guestrooms with balconies :1:0:8:0
Best Western Hendersonville Inn, Hendersonville:2017-12-01:0:$109:$83:2.5 :0:105 Sugarloaf Rd, Hendersonville, NC, 28793, United States of America, 866-925-8648:28793 :Hendersonville hotel with outdoor pool, restaurant :1:1:100:1
Ramada Hendersonville, Hendersonville:2017-12-01:0:$109:$65:2 :0:150 Sugarloaf Rd, Hendersonville, NC, 28792, United States of America, 855-239-9225:28792 :No-frills hotel in Hendersonville :1:1:52:0
Wildberry Lodge Bed & Breakfast, Leicester:2017-12-01:0:None:$231:3 :0:135 Potato Branch Road, Leicester, NC, 28748, United States of America, 800-491-6126:28748 :Mountain Leicester B&B; with bar/lounge :1:1:5:0
The Henderson, Hendersonville:2017-12-01:0:None:$191:3.5 :0:201 Third Avenue West, Hendersonville, NC, 28739, United States of America, 800-491-6126:28739 :City-center Hendersonville B&B; with restaurant :1:0:21:0
Arbor House of Black Mountain, Black Mountain:2017-12-01:0:None:$200:3.5 :0:207 Rhododendron Ave., Black Mountain, NC, 28711, United States of America, 800-491-6126:28711 :Mountain B&B; in Black Mountain :1:1:5:1
Bald Mountain House at the Wolf Laurel Resort, Mars Hill:2017-12-01:0:None:$149:3 :0:85 Woodfern Lane, Mars Hill, NC, 28754, United States of America, 800-491-6126:28754 :Mountain Mars Hill B&B; with outdoor pool :1:1:3:1
The Orchard Inn, Saluda:2017-12-01:0:$215:$188:3 :0:100 Orchard Inn Lane, Hwy 176, Saluda, NC, 28773, United States of America, 800-491-6126:28773 :3-star Saluda B&B; with restaurant :1:1:14:0
Melange Bed and Breakfast, Hendersonville:2017-12-01:0:$230:$217:3.5 :0:1230 5th Avenue West, Hendersonville, NC, 28739, United States of America, 800-491-6126:28739 :In the heart of Hendersonville :1:1:5:0
The Mountaineer Inn, Asheville:2017-12-01:0:$85:$71:2 :0:155 Tunnel Road, Asheville, NC, 28805-1887, United States of America, 800-491-6126:28805-1887 :Mountain motel with outdoor pool, near Asheville Mall :1:1:76:1
Red Roof Inn Asheville West, Asheville:2017-12-01:0:$98:$88:2 :0:16 Crowell Road, Asheville, NC, 28806, United States of America, 855-239-9400:28806 :No-frills motel in Asheville :1:0:109:0
Super 8 Asheville Airport, Fletcher:2017-12-01:0:None:$78:2 :0:183 Underwood Rd, Fletcher, NC, 28732, United States of America, 855-238-1592:28732 :No-frills motel in Fletcher :1:1:60:0
Days Inn Asheville/Tunnel Road & I-40, Asheville:2017-12-01:0:$98:$95:2.5 :0:1435 Tunnel Rd, Asheville, NC, 28805, United States of America, 855-238-1590:28805 :No-frills Asheville hotel with outdoor pool :1:1:84:1
Vacation Homes by Rumbling Bald Resort, Lake Lure:2017-12-01:0:None:$299:3.5 :0:Various Addresses, Lake Lure, NC, 28746, United States of America, 800-491-6126:28746 :Lake Lure beachfront vacation home with fireplace, kitchen :1:0:5:1
Ramada Asheville / Biltmore West, Asheville:2017-12-01:0:$119:$95:2.5 :0:275 Smokey Park Hwy, Asheville, NC, 28806, United States of America, 855-239-9225:28806 :Family hotel in Asheville with outdoor pool, indoor pool :1:0:159:1
Haywood Park Hotel, Asheville:2017-12-02:0:None:$324:4 :0:1 Battery Park Ave, Asheville, NC, 28801, United States of America, 800-491-6126:28801 :4-star hotel with restaurant, near Asheville Mall :1:1:33:0
The Residences at Biltmore, Asheville:2017-12-02:0:$399:$372:3.5 :0:700 Biltmore Ave, Asheville, NC, 28803, United States of America, 800-491-6126:28803 :Comfortable apartment with fireplace, near Asheville Mall :1:0:114:1
Country Inn & Suites By Carlson, Asheville Westgate, NC, Asheville:2017-12-02:0:$289:$146:3 :0:22 Westgate Parkway, Asheville, NC, 28806, United States of America, 855-239-9401:28806 :Mountain Asheville hotel with indoor pool :1:1:94:1
At Cumberland Falls Bed & Breakfast Inn, Asheville:2017-12-02:0:None:$175:4 :0:254 Cumberland Avenue, Asheville, NC, 28801, United States of America, 800-491-6126:28801 :Upscale Asheville guestrooms with fireplaces :1:1:6:0
Extended Stay America - Asheville - Tunnel Road, Asheville:2017-12-02:0:$145:$88:2.5 :0:6 Kenilworth Knoll, Asheville, NC, 28805, United States of America, 800-658-6760:28805 :Within easy reach of Asheville Mall :1:1:101:0
Highland Lake Inn & Resort, Flat Rock:2017-12-02:0:$249:$139:3 :0:86 Lily Pad Lane, Flat Rock, NC, 28731, United States of America, 800-491-6126:28731 :Mountain lodge in Flat Rock with outdoor pool, restaurant :1:1:52:1
Bunn House - A Boutique Hotel, Asheville:2017-12-02:0:$394:$338:4 :0:15 Clayton Street, Asheville, NC, 28801, United States of America, 800-491-6126:28801 :Adults-only hotel within easy reach of Asheville Mall :1:1:5:0
Super 8 Asheville Tunnel Road, Asheville:2017-12-02:0:$150:$81:2.5 :0:180 Tunnel Rd, Asheville, NC, 28805, United States of America, 855-238-1592:28805 :Convenient to Asheville Mall :1:1:57:0
Baymont Inn & Suites Asheville/Biltmore, Asheville:2017-12-02:0:None:$134:2.5 :0:204 Hendersonville Rd, Asheville, NC, 28803, United States of America, 866-538-6206:28803 :Mountain hotel with indoor pool, near Biltmore Estate :1:1:71:1
Best Western Asheville Tunnel Road, Asheville:2017-12-02:0:$219:$95:2.5 :0:501 Tunnel Rd, Asheville, NC, 28805, United States of America, 866-925-8648:28805 :Hotel with outdoor pool, near Asheville Mall :1:1:95:1
Country Inn & Suites By Carlson, at Asheville Outlet Mall, Asheville:2017-12-02:0:None:$119:2.5 :0:845 Brevard Road, Asheville, NC, 28806, United States of America, 855-239-9401:28806 :Mountain Asheville hotel with outdoor pool :1:1:57:1
The Applewood Manor, Asheville:2017-12-02:0:$285:$245:4 :0:62 Cumberland Circle, Asheville, NC, 28801, United States of America, 800-491-6126:28801 :Upscale Asheville guestrooms with jetted bathtubs :1:1:6:0
Cascades Mountain Resort, Hendersonville:2017-12-02:0:$175:$129:3.5 :0:201 Sugarloaf Road, Hendersonville, NC, 28792, United States of America, 800-491-6126:28792 :3.5-star resort in Hendersonville with 2 indoor pools, restaurant :1:1:100:1
The Pines Cottages, Asheville:2017-12-02:0:None:$135:3 :0:346 Weaverville Road, Asheville, NC, 28804, United States of America, 800-491-6126:28804 :Comfortable Asheville accommodations with kitchens :1:0:13:0
1899 Wright Inn & Carriage House, Asheville:2017-12-02:0:None:$185:3.5 :0:235 Pearson Drive, Asheville, NC, 28801, United States of America, 800-491-6126:28801 :Victorian B&B; in Asheville :1:1:10:0
Engadine Inn & Cabins, Candler:2017-12-02:0:$291:$209:3 :0:2630 Smokey Park Hwy, Candler, NC, 28715, United States of America, 800-491-6126:28715 :Candler mountain guestrooms with fireplaces :1:1:11:0
Cambria hotel & suites Downtown Asheville, Asheville:2017-12-02:0:None:$173:3.5 :0:15 Page Ave, Asheville, NC, 28801, United States of America, 800-491-6126:28801 :3.5-star hotel in Asheville with restaurant, bar/lounge :1:0:136:0
Mountain Lodge & Conference Center, Flat Rock:2017-12-02:0:None:$127:3.5 :0:42 Mcmurray Rd, Flat Rock, NC, 28731, United States of America, 800-491-6126:28731 :3.5-star Flat Rock hotel with indoor pool :1:1:64:1
Rumbling Bald Resort, Lake Lure:2017-12-02:0:None:$143:3 :0:112 Mountains Blvd., Lake Lure, NC, 28746, United States of America, 800-491-6126:28746 :Lake Lure beachfront condo with balcony :0:0:52:1
Asheville River Cabins, Arden:2017-12-02:0:None:$164:3.5 :0:55 Parkway Lane, Arden, NC, 28704, United States of America, 800-491-6126:28704 :3.5-star Arden cabin with golf course :1:0:7:0
Super 8 Asheville Airport, Fletcher:2017-12-02:0:None:$71:2 :0:183 Underwood Rd, Fletcher, NC, 28732, United States of America, 855-238-1592:28732 :No-frills motel in Fletcher :1:1:60:0
The Mountaineer Inn, Asheville:2017-12-02:0:$85:$68:2 :0:155 Tunnel Road, Asheville, NC, 28805-1887, United States of America, 800-491-6126:28805-1887 :Mountain motel with outdoor pool, near Asheville Mall :1:1:76:1
Wingate By Wyndham Asheville Airport, Fletcher:2017-12-02:0:None:$102:2.5 :0:155 Underwood Rd, Fletcher, NC, 28732, United States of America, 800-491-6126:28732 :No-frills Fletcher hotel with indoor pool :1:1:114:1
The Esmeralda Inn, Lake Lure:2017-12-02:0:$196:$183:3.5 :0:910 Main Street, Chimney Rock, Lake Lure, NC, 28720, United States of America, 800-491-6126:28720 :3.5-star hotel in Lake Lure with outdoor pool, restaurant :1:1:14:1
1898 Waverly Inn, Hendersonville:2017-12-02:0:$194:$169:3 :0:783 N Main St, Hendersonville, NC, 28792, United States of America, 800-491-6126:28792 :Hendersonville B&B; in city center :1:1:15:0
Days Inn Asheville West, Candler:2017-12-02:0:$100:$61:2 :0:2551 Smoky Park Hwy, I-40, Exit 37, Candler, NC, 28715, United States of America, 855-238-1590:28715 :No-frills Candler motel with outdoor pool :1:1:112:1
Red Roof Inn Asheville West, Asheville:2017-12-02:0:$91:$79:2 :0:16 Crowell Road, Asheville, NC, 28806, United States of America, 855-239-9400:28806 :No-frills motel in Asheville :1:0:109:0
Ramada Hendersonville, Hendersonville:2017-12-02:0:$109:$65:2 :0:150 Sugarloaf Rd, Hendersonville, NC, 28792, United States of America, 855-239-9225:28792 :No-frills hotel in Hendersonville :1:1:52:0
Motel 6 Asheville, Asheville:2017-12-02:0:$74:$62:2 :0:1415 Tunnel Rd, Asheville, NC, 28805, United States of America, 800-491-6126:28805 :No-frills Asheville motel with outdoor pool :0:0:105:1
The Asheville Inn, Asheville:2017-12-02:0:$125:$76:2 :0:1 Acton Circle, Asheville, NC, 28806, United States of America, 800-491-6126:28806 :No-frills motel in Asheville :1:0:25:0
The Monte Vista Hotel, Black Mountain:2017-12-02:0:None:$149:3 :0:308 West State St., Black Mountain, NC, 28711, United States of America, 800-491-6126:28711 :3-star hotel in Black Mountain with restaurant, bar/lounge :1:1:45:0
My Place Inn, Black Mountain:2017-12-02:0:$175:$156:3.5 :0:1120 Montreat Road, Black Mountain, NC, 28711, United States of America, 800-491-6126:28711 :3.5-star B&B; in Black Mountain :1:1:4:0
Arbor House of Black Mountain, Black Mountain:2017-12-02:0:None:$200:3.5 :0:207 Rhododendron Ave., Black Mountain, NC, 28711, United States of America, 800-491-6126:28711 :Mountain B&B; in Black Mountain :1:1:5:1
Wildberry Lodge Bed & Breakfast, Leicester:2017-12-02:0:None:$229:3 :0:135 Potato Branch Road, Leicester, NC, 28748, United States of America, 800-491-6126:28748 :Mountain Leicester B&B; with bar/lounge :1:1:5:0
Country Inn & Suites By Carlson Asheville Downtown Tunnel Rd, Asheville:2017-12-03:0:$264:$98:3 :0:199 Tunnel Rd, Asheville, NC, 28805, United States of America, 855-239-9401:28805 :3-star hotel with indoor pool, near Asheville Mall :1:1:74:1
The Residences at Biltmore, Asheville:2017-12-03:0:$399:$139:3.5 :0:700 Biltmore Ave, Asheville, NC, 28803, United States of America, 800-491-6126:28803 :Comfortable apartment with fireplace, near Asheville Mall :1:0:114:1
Country Inn & Suites By Carlson, Asheville Westgate, NC, Asheville:2017-12-03:0:$289:$115:3 :0:22 Westgate Parkway, Asheville, NC, 28806, United States of America, 855-239-9401:28806 :Mountain Asheville hotel with indoor pool :1:1:94:1
Haywood Park Hotel, Asheville:2017-12-03:0:$329:$259:4 :0:1 Battery Park Ave, Asheville, NC, 28801, United States of America, 800-491-6126:28801 :4-star hotel with restaurant, near Asheville Mall :1:1:33:0
Village Hotel on Biltmore Estate, Asheville:2017-12-03:0:None:$289:3.5 :0:207 Dairy Rd, Asheville, NC, 28803, United States of America, 800-491-6126:28803 :Mountain hotel in Asheville with 2 restaurants, winery :1:0:209:1
Cascades Mountain Resort, Hendersonville:2017-12-03:0:$175:$105:3.5 :0:201 Sugarloaf Road, Hendersonville, NC, 28792, United States of America, 800-491-6126:28792 :3.5-star resort in Hendersonville with 2 indoor pools, restaurant :1:1:100:1
Country Inn & Suites By Carlson, at Asheville Outlet Mall, Asheville:2017-12-03:0:$101:$85:2.5 :0:845 Brevard Road, Asheville, NC, 28806, United States of America, 855-239-9401:28806 :Mountain Asheville hotel with outdoor pool :1:1:57:1
Extended Stay America - Asheville - Tunnel Road, Asheville:2017-12-03:0:$145:$78:2.5 :0:6 Kenilworth Knoll, Asheville, NC, 28805, United States of America, 800-658-6760:28805 :Within easy reach of Asheville Mall :1:1:101:0
Highland Lake Inn & Resort, Flat Rock:2017-12-03:0:$249:$129:3 :0:86 Lily Pad Lane, Flat Rock, NC, 28731, United States of America, 800-491-6126:28731 :Mountain lodge in Flat Rock with outdoor pool, restaurant :1:1:52:1
1898 Waverly Inn, Hendersonville:2017-12-03:0:$194:$162:3 :0:783 N Main St, Hendersonville, NC, 28792, United States of America, 800-491-6126:28792 :Hendersonville B&B; in city center :1:1:15:0
Mountain Lodge & Conference Center, Flat Rock:2017-12-03:0:None:$119:3.5 :0:42 Mcmurray Rd, Flat Rock, NC, 28731, United States of America, 800-491-6126:28731 :3.5-star Flat Rock hotel with indoor pool :1:1:64:1
Super 8 Asheville Tunnel Road, Asheville:2017-12-03:0:$150:$68:2.5 :0:180 Tunnel Rd, Asheville, NC, 28805, United States of America, 855-238-1592:28805 :Convenient to Asheville Mall :1:1:57:0
Best Western Asheville Tunnel Road, Asheville:2017-12-03:0:$219:$74:2.5 :0:501 Tunnel Rd, Asheville, NC, 28805, United States of America, 866-925-8648:28805 :Hotel with outdoor pool, near Asheville Mall :1:1:95:1
The Windsor Boutique Hotel, Asheville:2017-12-03:0:$499:$286:4 :0:36 Broadway Street, Asheville, NC, 28801, United States of America, 800-491-6126:28801 :Upscale hotel within easy reach of Asheville Mall :1:0:14:0
The Omni Grove Park Inn, Asheville:2017-12-03:0:$239:$203:4 :0:290 Macon Avenue, Asheville, NC, 28804, United States of America, 800-491-6126:28804 :4-star resort in Asheville with golf course, spa :1:0:513:1
The Pines Cottages, Asheville:2017-12-03:0:None:$99:3 :0:346 Weaverville Road, Asheville, NC, 28804, United States of America, 800-491-6126:28804 :Comfortable Asheville accommodations with kitchens :1:0:13:0
Baymont Inn & Suites Asheville/Biltmore, Asheville:2017-12-03:0:None:$118:2.5 :0:204 Hendersonville Rd, Asheville, NC, 28803, United States of America, 866-538-6206:28803 :Mountain hotel with indoor pool, near Biltmore Estate :1:1:71:1
Cambria hotel & suites Downtown Asheville, Asheville:2017-12-03:0:None:$124:3.5 :0:15 Page Ave, Asheville, NC, 28801, United States of America, 800-491-6126:28801 :3.5-star hotel in Asheville with restaurant, bar/lounge :1:0:136:0
At Cumberland Falls Bed & Breakfast Inn, Asheville:2017-12-03:0:None:$155:4 :0:254 Cumberland Avenue, Asheville, NC, 28801, United States of America, 800-491-6126:28801 :Upscale Asheville guestrooms with fireplaces :1:1:6:0
Missing Homestay, Asheville:2017-12-03:0:$149:$74:2.5 :0:60 TUNNEL ROAD, Asheville, NC, 28805, United States of America, 800-491-6126:28805 :Motel with bar/lounge, near Asheville Mall :1:1:33:0
The Esmeralda Inn, Lake Lure:2017-12-03:0:$196:$175:3.5 :0:910 Main Street, Chimney Rock, Lake Lure, NC, 28720, United States of America, 800-491-6126:28720 :3.5-star hotel in Lake Lure with outdoor pool, restaurant :1:1:14:1
Downtown Inn and Suites, Asheville:2017-12-03:0:$135:$89:3 :0:120 Patton Avenue, Asheville, NC, 28801, United States of America, 800-491-6126:28801 :City-center Downtown Asheville motel with outdoor pool :1:1:89:1
Posh Boutique Hotel, Asheville:2017-12-03:0:$400:$328:3.5 :0:8 Village Lane, Asheville, NC, 28803, United States of America, 800-491-6126:28803 :Comfortable condo with fireplace, near Biltmore Estate :1:0:8:0
Echo Mountain Inn, Hendersonville:2017-12-03:0:None:$72:3.5 :0:2849 Laurel Park Highway, Hendersonville, NC, 28739, United States of America, 800-491-6126:28739 :Mountain Hendersonville B&B; with outdoor pool :1:1:25:1
Bunn House - A Boutique Hotel, Asheville:2017-12-03:0:$394:$319:4 :0:15 Clayton Street, Asheville, NC, 28801, United States of America, 800-491-6126:28801 :Adults-only hotel within easy reach of Asheville Mall :1:1:5:0
Asheville River Cabins, Arden:2017-12-03:0:None:$160:3.5 :0:55 Parkway Lane, Arden, NC, 28704, United States of America, 800-491-6126:28704 :3.5-star Arden cabin with golf course :1:0:7:0
1899 Wright Inn & Carriage House, Asheville:2017-12-03:0:$190:$155:3.5 :0:235 Pearson Drive, Asheville, NC, 28801, United States of America, 800-491-6126:28801 :Victorian B&B; in Asheville :1:1:10:0
Wingate By Wyndham Asheville Airport, Fletcher:2017-12-03:0:None:$99:2.5 :0:155 Underwood Rd, Fletcher, NC, 28732, United States of America, 800-491-6126:28732 :No-frills Fletcher hotel with indoor pool :1:1:114:1
Mill House Lodge, Flat Rock:2017-12-03:0:None:$86:3 :0:1150 W Blue Ridge Rd., Flat Rock, NC, 28731, United States of America, 800-491-6126:28731 :3-star beachfront lodge in Flat Rock with outdoor pool :1:0:44:1
Engadine Inn & Cabins, Candler:2017-12-03:0:$291:$206:3 :0:2630 Smokey Park Hwy, Candler, NC, 28715, United States of America, 800-491-6126:28715 :Candler mountain guestrooms with fireplaces :1:1:11:0
1906 Pine Crest Inn & Restaurant, Tryon:2017-12-03:0:$170:$130:3.5 :0:85 Pine Crest Lane, Tryon, NC, 28782, United States of America, 800-491-6126:28782 :3.5-star B&B; in Tryon with restaurant, bar/lounge :1:1:35:0
Paradise Cozy Cabins, Mill Spring:2017-12-03:0:None:$129:3.5 :0:7505 North Carolina 108 East, Mill Spring, NC, 28756, United States of America, 800-491-6126:28756 :Mill Spring mountain cabins with kitchens :1:0:2:0
Asheville Cottages, Asheville:2017-12-03:0:$352:$229:3.5 :0:29 Asheville Cottage Lane, Asheville, NC, 28806, United States of America, 800-491-6126:28806 :Comfortable Asheville accommodations with private spa tubs :1:0:14:0
Fibber MaGees Riverfront Inn, Chimney Rock:2017-12-03:0:$139:$109:3 :0:339 Main Street, Chimney Rock, Chimney Rock, NC, 28720, United States of America, 800-491-6126:28720 :Mountain B&B; in Chimney Rock :1:1:8:0
The Applewood Manor, Asheville:2017-12-03:0:$270:$216:4 :0:62 Cumberland Circle, Asheville, NC, 28801, United States of America, 800-491-6126:28801 :Upscale Asheville guestrooms with jetted bathtubs :1:1:6:0
My Place Inn, Black Mountain:2017-12-03:0:$175:$150:3.5 :0:1120 Montreat Road, Black Mountain, NC, 28711, United States of America, 800-491-6126:28711 :3.5-star B&B; in Black Mountain :1:1:4:0
Rumbling Bald Resort, Lake Lure:2017-12-03:0:None:$142:3 :0:112 Mountains Blvd., Lake Lure, NC, 28746, United States of America, 800-491-6126:28746 :Lake Lure beachfront condo with balcony :0:0:52:1
The Charleston Inn, Hendersonville:2017-12-03:0:$189:$149:3 :0:755 North Main Street, Hendersonville, NC, 28792, United States of America, 800-491-6126:28792 :Mountain B&B; in Hendersonville with restaurant, bar/lounge :0:1:16:0
The Monte Vista Hotel, Black Mountain:2017-12-03:0:None:$149:3 :0:308 West State St., Black Mountain, NC, 28711, United States of America, 800-491-6126:28711 :3-star hotel in Black Mountain with restaurant, bar/lounge :1:1:45:0
Hill House Bed & Breakfast, Asheville:2017-12-03:0:$190:$175:4 :0:120 Hillside St, Asheville, NC, 28801, United States of America, 800-491-6126:28801 :Upscale Asheville guestrooms with fireplaces :1:1:10:0
Willowbrook Inn, Lake Lure:2017-12-03:0:$109:$99:3 :0:103 Resort Lane, Lake Lure, NC, 28746, United States of America, 800-491-6126:28746 :Lake Lure mountain guestrooms with balconies :1:0:8:0
Wildberry Lodge Bed & Breakfast, Leicester:2017-12-03:0:$239:$226:3 :0:135 Potato Branch Road, Leicester, NC, 28748, United States of America, 800-491-6126:28748 :Mountain Leicester B&B; with bar/lounge :1:1:5:0
Acorn Cabins Lake Lure, Lake Lure:2017-12-03:0:None:$163:3 :0:359 Seton Road, Lake Lure, NC, 28746, United States of America, 800-491-6126:28746 :Lake Lure mountain cabins with private spa tubs :1:0:4:0
Best Western Hendersonville Inn, Hendersonville:2017-12-03:0:$109:$76:2.5 :0:105 Sugarloaf Rd, Hendersonville, NC, 28793, United States of America, 866-925-8648:28793 :Hendersonville hotel with outdoor pool, restaurant :1:1:100:1
Red Roof Inn Asheville West, Asheville:2017-12-03:0:$80:$64:2 :0:16 Crowell Road, Asheville, NC, 28806, United States of America, 855-239-9400:28806 :No-frills motel in Asheville :1:0:109:0
The Henderson, Hendersonville:2017-12-03:0:$199:$186:3.5 :0:201 Third Avenue West, Hendersonville, NC, 28739, United States of America, 800-491-6126:28739 :City-center Hendersonville B&B; with restaurant :1:0:21:0
Arbor House of Black Mountain, Black Mountain:2017-12-03:0:None:$200:3.5 :0:207 Rhododendron Ave., Black Mountain, NC, 28711, United States of America, 800-491-6126:28711 :Mountain B&B; in Black Mountain :1:1:5:1
The Reynolds Mansion, Asheville:2017-12-03:0:None:$265:3.5 :0:100 Reynolds Heights, Asheville, NC, 28804, United States of America, 800-491-6126:28804 :Mountain Asheville B&B; with outdoor pool :1:1:13:1
Ramada Hendersonville, Hendersonville:2017-12-03:0:$109:$64:2 :0:150 Sugarloaf Rd, Hendersonville, NC, 28792, United States of America, 855-239-9225:28792 :No-frills hotel in Hendersonville :1:1:52:0
The Orchard Inn, Saluda:2017-12-03:0:$215:$170:3 :0:100 Orchard Inn Lane, Hwy 176, Saluda, NC, 28773, United States of America, 800-491-6126:28773 :3-star Saluda B&B; with restaurant :1:1:14:0
Country Inn & Suites by Carlson Asheville W. Biltmore Estate, Asheville:2017-12-03:0:$169:$77:3 :0:1914 Old Haywood Rd, Asheville, NC, 28806, United States of America, 855-239-9401:28806 :Asheville Victorian hotel with outdoor pool :1:1:80:1
Chestnut Street Inn Bed and Breakfast, Asheville:2017-12-03:0:None:$252:4 :0:176 East Chestnut Street, Asheville, NC, 28801, United States of America, 800-491-6126:28801 :Upscale B&B; in Asheville :1:1:8:0
Melange Bed and Breakfast, Hendersonville:2017-12-03:0:$230:$199:3.5 :0:1230 5th Avenue West, Hendersonville, NC, 28739, United States of America, 800-491-6126:28739 :In the heart of Hendersonville :1:1:5:0
Bald Mountain House at the Wolf Laurel Resort, Mars Hill:2017-12-03:0:None:$149:3 :0:85 Woodfern Lane, Mars Hill, NC, 28754, United States of America, 800-491-6126:28754 :Mountain Mars Hill B&B; with outdoor pool :1:1:3:1
The Residences at Biltmore, Asheville:2017-12-04:0:$399:$139:3.5 :0:700 Biltmore Ave, Asheville, NC, 28803, United States of America, 800-491-6126:28803 :Comfortable apartment with fireplace, near Asheville Mall :1:0:114:1
Country Inn & Suites By Carlson Asheville Downtown Tunnel Rd, Asheville:2017-12-04:0:$264:$109:3 :0:199 Tunnel Rd, Asheville, NC, 28805, United States of America, 855-239-9401:28805 :3-star hotel with indoor pool, near Asheville Mall :1:1:74:1
Country Inn & Suites By Carlson, Asheville Westgate, NC, Asheville:2017-12-04:0:$289:$116:3 :0:22 Westgate Parkway, Asheville, NC, 28806, United States of America, 855-239-9401:28806 :Mountain Asheville hotel with indoor pool :1:1:94:1
Village Hotel on Biltmore Estate, Asheville:2017-12-04:0:None:$299:3.5 :0:207 Dairy Rd, Asheville, NC, 28803, United States of America, 800-491-6126:28803 :Mountain hotel in Asheville with 2 restaurants, winery :1:0:209:1
Haywood Park Hotel, Asheville:2017-12-04:0:$329:$259:4 :0:1 Battery Park Ave, Asheville, NC, 28801, United States of America, 800-491-6126:28801 :4-star hotel with restaurant, near Asheville Mall :1:1:33:0
Cascades Mountain Resort, Hendersonville:2017-12-04:0:$175:$105:3.5 :0:201 Sugarloaf Road, Hendersonville, NC, 28792, United States of America, 800-491-6126:28792 :3.5-star resort in Hendersonville with 2 indoor pools, restaurant :1:1:100:1
Extended Stay America - Asheville - Tunnel Road, Asheville:2017-12-04:0:$145:$76:2.5 :0:6 Kenilworth Knoll, Asheville, NC, 28805, United States of America, 800-658-6760:28805 :Within easy reach of Asheville Mall :1:1:101:0
Highland Lake Inn & Resort, Flat Rock:2017-12-04:0:$249:$129:3 :0:86 Lily Pad Lane, Flat Rock, NC, 28731, United States of America, 800-491-6126:28731 :Mountain lodge in Flat Rock with outdoor pool, restaurant :1:1:52:1
Country Inn & Suites By Carlson, at Asheville Outlet Mall, Asheville:2017-12-04:0:$101:$86:2.5 :0:845 Brevard Road, Asheville, NC, 28806, United States of America, 855-239-9401:28806 :Mountain Asheville hotel with outdoor pool :1:1:57:1
1898 Waverly Inn, Hendersonville:2017-12-04:0:$194:$147:3 :0:783 N Main St, Hendersonville, NC, 28792, United States of America, 800-491-6126:28792 :Hendersonville B&B; in city center :1:1:15:0
Mountain Lodge & Conference Center, Flat Rock:2017-12-04:0:None:$119:3.5 :0:42 Mcmurray Rd, Flat Rock, NC, 28731, United States of America, 800-491-6126:28731 :3.5-star Flat Rock hotel with indoor pool :1:1:64:1
Super 8 Asheville Tunnel Road, Asheville:2017-12-04:0:$150:$69:2.5 :0:180 Tunnel Rd, Asheville, NC, 28805, United States of America, 855-238-1592:28805 :Convenient to Asheville Mall :1:1:57:0
Best Western Asheville Tunnel Road, Asheville:2017-12-04:0:$219:$74:2.5 :0:501 Tunnel Rd, Asheville, NC, 28805, United States of America, 866-925-8648:28805 :Hotel with outdoor pool, near Asheville Mall :1:1:95:1
The Windsor Boutique Hotel, Asheville:2017-12-04:0:$499:$279:4 :0:36 Broadway Street, Asheville, NC, 28801, United States of America, 800-491-6126:28801 :Upscale hotel within easy reach of Asheville Mall :1:0:14:0
Baymont Inn & Suites Asheville/Biltmore, Asheville:2017-12-04:0:None:$126:2.5 :0:204 Hendersonville Rd, Asheville, NC, 28803, United States of America, 866-538-6206:28803 :Mountain hotel with indoor pool, near Biltmore Estate :1:1:71:1
The Omni Grove Park Inn, Asheville:2017-12-04:0:None:$219:4 :0:290 Macon Avenue, Asheville, NC, 28804, United States of America, 800-491-6126:28804 :4-star resort in Asheville with golf course, spa :1:0:513:1
The Pines Cottages, Asheville:2017-12-04:0:None:$99:3 :0:346 Weaverville Road, Asheville, NC, 28804, United States of America, 800-491-6126:28804 :Comfortable Asheville accommodations with kitchens :1:0:13:0
Cambria hotel & suites Downtown Asheville, Asheville:2017-12-04:0:None:$127:3.5 :0:15 Page Ave, Asheville, NC, 28801, United States of America, 800-491-6126:28801 :3.5-star hotel in Asheville with restaurant, bar/lounge :1:0:136:0
Missing Homestay, Asheville:2017-12-04:0:$149:$74:2.5 :0:60 TUNNEL ROAD, Asheville, NC, 28805, United States of America, 800-491-6126:28805 :Motel with bar/lounge, near Asheville Mall :1:1:33:0
North Lodge on Oakland, Asheville:2017-12-04:0:None:$164:3 :0:84 Oakland Road, Asheville, NC, 28801, United States of America, 800-491-6126:28801 :3-star B&B;, convenient to Asheville Mall :1:1:6:0
The Esmeralda Inn, Lake Lure:2017-12-04:0:$196:$175:3.5 :0:910 Main Street, Chimney Rock, Lake Lure, NC, 28720, United States of America, 800-491-6126:28720 :3.5-star hotel in Lake Lure with outdoor pool, restaurant :1:1:14:1
Downtown Inn and Suites, Asheville:2017-12-04:0:$135:$89:3 :0:120 Patton Avenue, Asheville, NC, 28801, United States of America, 800-491-6126:28801 :City-center Downtown Asheville motel with outdoor pool :1:1:89:1
Echo Mountain Inn, Hendersonville:2017-12-04:0:None:$69:3.5 :0:2849 Laurel Park Highway, Hendersonville, NC, 28739, United States of America, 800-491-6126:28739 :Mountain Hendersonville B&B; with outdoor pool :1:1:25:1
Bunn House - A Boutique Hotel, Asheville:2017-12-04:0:$394:$319:4 :0:15 Clayton Street, Asheville, NC, 28801, United States of America, 800-491-6126:28801 :Adults-only hotel within easy reach of Asheville Mall :1:1:5:0
1899 Wright Inn & Carriage House, Asheville:2017-12-04:0:$190:$150:3.5 :0:235 Pearson Drive, Asheville, NC, 28801, United States of America, 800-491-6126:28801 :Victorian B&B; in Asheville :1:1:10:0
Wingate By Wyndham Asheville Airport, Fletcher:2017-12-04:0:None:$99:2.5 :0:155 Underwood Rd, Fletcher, NC, 28732, United States of America, 800-491-6126:28732 :No-frills Fletcher hotel with indoor pool :1:1:114:1
Asheville River Cabins, Arden:2017-12-04:0:None:$160:3.5 :0:55 Parkway Lane, Arden, NC, 28704, United States of America, 800-491-6126:28704 :3.5-star Arden cabin with golf course :1:0:7:0
Mill House Lodge, Flat Rock:2017-12-04:0:None:$86:3 :0:1150 W Blue Ridge Rd., Flat Rock, NC, 28731, United States of America, 800-491-6126:28731 :3-star beachfront lodge in Flat Rock with outdoor pool :1:0:44:1
Engadine Inn & Cabins, Candler:2017-12-04:0:$291:$206:3 :0:2630 Smokey Park Hwy, Candler, NC, 28715, United States of America, 800-491-6126:28715 :Candler mountain guestrooms with fireplaces :1:1:11:0
The Lion and the Rose Bed and Breakfast, Asheville:2017-12-04:0:None:$180:3.5 :0:276 Montford Avenue, Asheville, NC, 28801, United States of America, 800-491-6126:28801 :Asheville B&B; in historical district :1:1:5:0
1906 Pine Crest Inn & Restaurant, Tryon:2017-12-04:0:$170:$130:3.5 :0:85 Pine Crest Lane, Tryon, NC, 28782, United States of America, 800-491-6126:28782 :3.5-star B&B; in Tryon with restaurant, bar/lounge :1:1:35:0
Paradise Cozy Cabins, Mill Spring:2017-12-04:0:None:$129:3.5 :0:7505 North Carolina 108 East, Mill Spring, NC, 28756, United States of America, 800-491-6126:28756 :Mill Spring mountain cabins with kitchens :1:0:2:0
Fibber MaGees Riverfront Inn, Chimney Rock:2017-12-04:0:$139:$109:3 :0:339 Main Street, Chimney Rock, Chimney Rock, NC, 28720, United States of America, 800-491-6126:28720 :Mountain B&B; in Chimney Rock :1:1:8:0
Rumbling Bald Resort, Lake Lure:2017-12-04:0:None:$140:3 :0:112 Mountains Blvd., Lake Lure, NC, 28746, United States of America, 800-491-6126:28746 :Lake Lure beachfront condo with balcony :0:0:52:1
Asheville Cottages, Asheville:2017-12-04:0:$352:$229:3.5 :0:29 Asheville Cottage Lane, Asheville, NC, 28806, United States of America, 800-491-6126:28806 :Comfortable Asheville accommodations with private spa tubs :1:0:14:0
My Place Inn, Black Mountain:2017-12-04:0:$175:$150:3.5 :0:1120 Montreat Road, Black Mountain, NC, 28711, United States of America, 800-491-6126:28711 :3.5-star B&B; in Black Mountain :1:1:4:0
The Monte Vista Hotel, Black Mountain:2017-12-04:0:None:$149:3 :0:308 West State St., Black Mountain, NC, 28711, United States of America, 800-491-6126:28711 :3-star hotel in Black Mountain with restaurant, bar/lounge :1:1:45:0
The Charleston Inn, Hendersonville:2017-12-04:0:$189:$149:3 :0:755 North Main Street, Hendersonville, NC, 28792, United States of America, 800-491-6126:28792 :Mountain B&B; in Hendersonville with restaurant, bar/lounge :0:1:16:0
The Applewood Manor, Asheville:2017-12-04:0:$270:$216:4 :0:62 Cumberland Circle, Asheville, NC, 28801, United States of America, 800-491-6126:28801 :Upscale Asheville guestrooms with jetted bathtubs :1:1:6:0
Hill House Bed & Breakfast, Asheville:2017-12-04:0:$190:$175:4 :0:120 Hillside St, Asheville, NC, 28801, United States of America, 800-491-6126:28801 :Upscale Asheville guestrooms with fireplaces :1:1:10:0
Wildberry Lodge Bed & Breakfast, Leicester:2017-12-04:0:$239:$219:3 :0:135 Potato Branch Road, Leicester, NC, 28748, United States of America, 800-491-6126:28748 :Mountain Leicester B&B; with bar/lounge :1:1:5:0
Willowbrook Inn, Lake Lure:2017-12-04:0:$109:$99:3 :0:103 Resort Lane, Lake Lure, NC, 28746, United States of America, 800-491-6126:28746 :Lake Lure mountain guestrooms with balconies :1:0:8:0
Ramada Hendersonville, Hendersonville:2017-12-04:0:$109:$64:2 :0:150 Sugarloaf Rd, Hendersonville, NC, 28792, United States of America, 855-239-9225:28792 :No-frills hotel in Hendersonville :1:1:52:0
Best Western Hendersonville Inn, Hendersonville:2017-12-04:0:$109:$76:2.5 :0:105 Sugarloaf Rd, Hendersonville, NC, 28793, United States of America, 866-925-8648:28793 :Hendersonville hotel with outdoor pool, restaurant :1:1:100:1
Acorn Cabins Lake Lure, Lake Lure:2017-12-04:0:None:$159:3 :0:359 Seton Road, Lake Lure, NC, 28746, United States of America, 800-491-6126:28746 :Lake Lure mountain cabins with private spa tubs :1:0:4:0
The Henderson, Hendersonville:2017-12-04:0:$199:$179:3.5 :0:201 Third Avenue West, Hendersonville, NC, 28739, United States of America, 800-491-6126:28739 :City-center Hendersonville B&B; with restaurant :1:0:21:0
Red Roof Inn Asheville West, Asheville:2017-12-04:0:$80:$64:2 :0:16 Crowell Road, Asheville, NC, 28806, United States of America, 855-239-9400:28806 :No-frills motel in Asheville :1:0:109:0
The Orchard Inn, Saluda:2017-12-04:0:$215:$170:3 :0:100 Orchard Inn Lane, Hwy 176, Saluda, NC, 28773, United States of America, 800-491-6126:28773 :3-star Saluda B&B; with restaurant :1:1:14:0
Days Inn Asheville West, Candler:2017-12-04:0:$100:$52:2 :0:2551 Smoky Park Hwy, I-40, Exit 37, Candler, NC, 28715, United States of America, 855-238-1590:28715 :No-frills Candler motel with outdoor pool :1:1:112:1
Chestnut Street Inn Bed and Breakfast, Asheville:2017-12-04:0:None:$249:4 :0:176 East Chestnut Street, Asheville, NC, 28801, United States of America, 800-491-6126:28801 :Upscale B&B; in Asheville :1:1:8:0
Melange Bed and Breakfast, Hendersonville:2017-12-04:0:$230:$199:3.5 :0:1230 5th Avenue West, Hendersonville, NC, 28739, United States of America, 800-491-6126:28739 :In the heart of Hendersonville :1:1:5:0
Arbor House of Black Mountain, Black Mountain:2017-12-04:0:None:$200:3.5 :0:207 Rhododendron Ave., Black Mountain, NC, 28711, United States of America, 800-491-6126:28711 :Mountain B&B; in Black Mountain :1:1:5:1
The Mountaineer Inn, Asheville:2017-12-04:0:$85:$62:2 :0:155 Tunnel Road, Asheville, NC, 28805-1887, United States of America, 800-491-6126:28805-1887 :Mountain motel with outdoor pool, near Asheville Mall :1:1:76:1
The Residences at Biltmore, Asheville:2017-12-05:0:$399:$139:3.5 :0:700 Biltmore Ave, Asheville, NC, 28803, United States of America, 800-491-6126:28803 :Comfortable apartment with fireplace, near Asheville Mall :1:0:114:1
Country Inn & Suites By Carlson Asheville Downtown Tunnel Rd, Asheville:2017-12-05:0:$264:$109:3 :0:199 Tunnel Rd, Asheville, NC, 28805, United States of America, 855-239-9401:28805 :3-star hotel with indoor pool, near Asheville Mall :1:1:74:1
Country Inn & Suites By Carlson, Asheville Westgate, NC, Asheville:2017-12-05:0:$289:$118:3 :0:22 Westgate Parkway, Asheville, NC, 28806, United States of America, 855-239-9401:28806 :Mountain Asheville hotel with indoor pool :1:1:94:1
Village Hotel on Biltmore Estate, Asheville:2017-12-05:0:None:$299:3.5 :0:207 Dairy Rd, Asheville, NC, 28803, United States of America, 800-491-6126:28803 :Mountain hotel in Asheville with 2 restaurants, winery :1:0:209:1
Haywood Park Hotel, Asheville:2017-12-05:0:$329:$259:4 :0:1 Battery Park Ave, Asheville, NC, 28801, United States of America, 800-491-6126:28801 :4-star hotel with restaurant, near Asheville Mall :1:1:33:0
1898 Waverly Inn, Hendersonville:2017-12-05:0:$194:$147:3 :0:783 N Main St, Hendersonville, NC, 28792, United States of America, 800-491-6126:28792 :Hendersonville B&B; in city center :1:1:15:0
Cascades Mountain Resort, Hendersonville:2017-12-05:0:$175:$105:3.5 :0:201 Sugarloaf Road, Hendersonville, NC, 28792, United States of America, 800-491-6126:28792 :3.5-star resort in Hendersonville with 2 indoor pools, restaurant :1:1:100:1
Extended Stay America - Asheville - Tunnel Road, Asheville:2017-12-05:0:$145:$76:2.5 :0:6 Kenilworth Knoll, Asheville, NC, 28805, United States of America, 800-658-6760:28805 :Within easy reach of Asheville Mall :1:1:101:0
Country Inn & Suites By Carlson, at Asheville Outlet Mall, Asheville:2017-12-05:0:$101:$90:2.5 :0:845 Brevard Road, Asheville, NC, 28806, United States of America, 855-239-9401:28806 :Mountain Asheville hotel with outdoor pool :1:1:57:1
Highland Lake Inn & Resort, Flat Rock:2017-12-05:0:$249:$129:3 :0:86 Lily Pad Lane, Flat Rock, NC, 28731, United States of America, 800-491-6126:28731 :Mountain lodge in Flat Rock with outdoor pool, restaurant :1:1:52:1
Mountain Lodge & Conference Center, Flat Rock:2017-12-05:0:None:$119:3.5 :0:42 Mcmurray Rd, Flat Rock, NC, 28731, United States of America, 800-491-6126:28731 :3.5-star Flat Rock hotel with indoor pool :1:1:64:1
Super 8 Asheville Tunnel Road, Asheville:2017-12-05:0:$150:$69:2.5 :0:180 Tunnel Rd, Asheville, NC, 28805, United States of America, 855-238-1592:28805 :Convenient to Asheville Mall :1:1:57:0
Best Western Asheville Tunnel Road, Asheville:2017-12-05:0:$219:$74:2.5 :0:501 Tunnel Rd, Asheville, NC, 28805, United States of America, 866-925-8648:28805 :Hotel with outdoor pool, near Asheville Mall :1:1:95:1
The Windsor Boutique Hotel, Asheville:2017-12-05:0:$499:$279:4 :0:36 Broadway Street, Asheville, NC, 28801, United States of America, 800-491-6126:28801 :Upscale hotel within easy reach of Asheville Mall :1:0:14:0
Baymont Inn & Suites Asheville/Biltmore, Asheville:2017-12-05:0:None:$126:2.5 :0:204 Hendersonville Rd, Asheville, NC, 28803, United States of America, 866-538-6206:28803 :Mountain hotel with indoor pool, near Biltmore Estate :1:1:71:1
Missing Homestay, Asheville:2017-12-05:0:$149:$74:2.5 :0:60 TUNNEL ROAD, Asheville, NC, 28805, United States of America, 800-491-6126:28805 :Motel with bar/lounge, near Asheville Mall :1:1:33:0
Echo Mountain Inn, Hendersonville:2017-12-05:0:None:$69:3.5 :0:2849 Laurel Park Highway, Hendersonville, NC, 28739, United States of America, 800-491-6126:28739 :Mountain Hendersonville B&B; with outdoor pool :1:1:25:1
Cambria hotel & suites Downtown Asheville, Asheville:2017-12-05:0:None:$127:3.5 :0:15 Page Ave, Asheville, NC, 28801, United States of America, 800-491-6126:28801 :3.5-star hotel in Asheville with restaurant, bar/lounge :1:0:136:0
Downtown Inn and Suites, Asheville:2017-12-05:0:$135:$89:3 :0:120 Patton Avenue, Asheville, NC, 28801, United States of America, 800-491-6126:28801 :City-center Downtown Asheville motel with outdoor pool :1:1:89:1
The Omni Grove Park Inn, Asheville:2017-12-05:0:None:$219:4 :0:290 Macon Avenue, Asheville, NC, 28804, United States of America, 800-491-6126:28804 :4-star resort in Asheville with golf course, spa :1:0:513:1
North Lodge on Oakland, Asheville:2017-12-05:0:None:$164:3 :0:84 Oakland Road, Asheville, NC, 28801, United States of America, 800-491-6126:28801 :3-star B&B;, convenient to Asheville Mall :1:1:6:0
At Cumberland Falls Bed & Breakfast Inn, Asheville:2017-12-05:0:None:$165:4 :0:254 Cumberland Avenue, Asheville, NC, 28801, United States of America, 800-491-6126:28801 :Upscale Asheville guestrooms with fireplaces :1:1:6:0
The Esmeralda Inn, Lake Lure:2017-12-05:0:$196:$175:3.5 :0:910 Main Street, Chimney Rock, Lake Lure, NC, 28720, United States of America, 800-491-6126:28720 :3.5-star hotel in Lake Lure with outdoor pool, restaurant :1:1:14:1
Bunn House - A Boutique Hotel, Asheville:2017-12-05:0:$394:$319:4 :0:15 Clayton Street, Asheville, NC, 28801, United States of America, 800-491-6126:28801 :Adults-only hotel within easy reach of Asheville Mall :1:1:5:0
1899 Wright Inn & Carriage House, Asheville:2017-12-05:0:$190:$150:3.5 :0:235 Pearson Drive, Asheville, NC, 28801, United States of America, 800-491-6126:28801 :Victorian B&B; in Asheville :1:1:10:0
Wingate By Wyndham Asheville Airport, Fletcher:2017-12-05:0:None:$109:2.5 :0:155 Underwood Rd, Fletcher, NC, 28732, United States of America, 800-491-6126:28732 :No-frills Fletcher hotel with indoor pool :1:1:114:1
Inn on Biltmore Estate, Asheville:2017-12-05:0:None:$549:4 :0:1 Antler Hill Rd, Asheville, NC, 28803, United States of America, 800-491-6126:28803 :4-star hotel in Asheville with outdoor pool, bar/lounge :1:0:210:1
Mill House Lodge, Flat Rock:2017-12-05:0:None:$86:3 :0:1150 W Blue Ridge Rd., Flat Rock, NC, 28731, United States of America, 800-491-6126:28731 :3-star beachfront lodge in Flat Rock with outdoor pool :1:0:44:1
Pinecrest Bed & Breakfast, Asheville:2017-12-05:0:None:$180:3.5 :0:249 Cumberland Ave, Asheville, NC, 28801, United States of America, 800-491-6126:28801 :Asheville B&B; in historical district :1:1:5:0
1906 Pine Crest Inn & Restaurant, Tryon:2017-12-05:0:$170:$130:3.5 :0:85 Pine Crest Lane, Tryon, NC, 28782, United States of America, 800-491-6126:28782 :3.5-star B&B; in Tryon with restaurant, bar/lounge :1:1:35:0
Posh Boutique Hotel, Asheville:2017-12-05:0:$499:$400:3.5 :0:8 Village Lane, Asheville, NC, 28803, United States of America, 800-491-6126:28803 :Comfortable condo with fireplace, near Biltmore Estate :1:0:8:0
Princess Anne Bed & Breakfast, Asheville:2017-12-05:0:$185:$135:3.5 :0:301 East Chestnut Street, Asheville, NC, 28801, United States of America, 800-491-6126:28801 :City-center B&B; within easy reach of Asheville Mall :1:0:16:0
The Monte Vista Hotel, Black Mountain:2017-12-05:0:None:$149:3 :0:308 West State St., Black Mountain, NC, 28711, United States of America, 800-491-6126:28711 :3-star hotel in Black Mountain with restaurant, bar/lounge :1:1:45:0
Fibber MaGees Riverfront Inn, Chimney Rock:2017-12-05:0:$139:$109:3 :0:339 Main Street, Chimney Rock, Chimney Rock, NC, 28720, United States of America, 800-491-6126:28720 :Mountain B&B; in Chimney Rock :1:1:8:0
My Place Inn, Black Mountain:2017-12-05:0:$175:$150:3.5 :0:1120 Montreat Road, Black Mountain, NC, 28711, United States of America, 800-491-6126:28711 :3.5-star B&B; in Black Mountain :1:1:4:0
The Charleston Inn, Hendersonville:2017-12-05:0:$189:$149:3 :0:755 North Main Street, Hendersonville, NC, 28792, United States of America, 800-491-6126:28792 :Mountain B&B; in Hendersonville with restaurant, bar/lounge :0:1:16:0
Red Roof Inn Asheville West, Asheville:2017-12-05:0:$80:$64:2 :0:16 Crowell Road, Asheville, NC, 28806, United States of America, 855-239-9400:28806 :No-frills motel in Asheville :1:0:109:0
Hill House Bed & Breakfast, Asheville:2017-12-05:0:$190:$175:4 :0:120 Hillside St, Asheville, NC, 28801, United States of America, 800-491-6126:28801 :Upscale Asheville guestrooms with fireplaces :1:1:10:0
Ramada Hendersonville, Hendersonville:2017-12-05:0:$109:$64:2 :0:150 Sugarloaf Rd, Hendersonville, NC, 28792, United States of America, 855-239-9225:28792 :No-frills hotel in Hendersonville :1:1:52:0
Best Western Hendersonville Inn, Hendersonville:2017-12-05:0:$109:$76:2.5 :0:105 Sugarloaf Rd, Hendersonville, NC, 28793, United States of America, 866-925-8648:28793 :Hendersonville hotel with outdoor pool, restaurant :1:1:100:1
Wildberry Lodge Bed & Breakfast, Leicester:2017-12-05:0:$239:$219:3 :0:135 Potato Branch Road, Leicester, NC, 28748, United States of America, 800-491-6126:28748 :Mountain Leicester B&B; with bar/lounge :1:1:5:0
Willowbrook Inn, Lake Lure:2017-12-05:0:$129:$109:3 :0:103 Resort Lane, Lake Lure, NC, 28746, United States of America, 800-491-6126:28746 :Lake Lure mountain guestrooms with balconies :1:0:8:0
Days Inn Asheville West, Candler:2017-12-05:0:$100:$52:2 :0:2551 Smoky Park Hwy, I-40, Exit 37, Candler, NC, 28715, United States of America, 855-238-1590:28715 :No-frills Candler motel with outdoor pool :1:1:112:1
The Henderson, Hendersonville:2017-12-05:0:$199:$179:3.5 :0:201 Third Avenue West, Hendersonville, NC, 28739, United States of America, 800-491-6126:28739 :City-center Hendersonville B&B; with restaurant :1:0:21:0
The Mountaineer Inn, Asheville:2017-12-05:0:$85:$62:2 :0:155 Tunnel Road, Asheville, NC, 28805-1887, United States of America, 800-491-6126:28805-1887 :Mountain motel with outdoor pool, near Asheville Mall :1:1:76:1
Melange Bed and Breakfast, Hendersonville:2017-12-05:0:$230:$199:3.5 :0:1230 5th Avenue West, Hendersonville, NC, 28739, United States of America, 800-491-6126:28739 :In the heart of Hendersonville :1:1:5:0
The Orchard Inn, Saluda:2017-12-05:0:$215:$170:3 :0:100 Orchard Inn Lane, Hwy 176, Saluda, NC, 28773, United States of America, 800-491-6126:28773 :3-star Saluda B&B; with restaurant :1:1:14:0
Super 8 Asheville Airport, Fletcher:2017-12-05:0:None:$64:2 :0:183 Underwood Rd, Fletcher, NC, 28732, United States of America, 855-238-1592:28732 :No-frills motel in Fletcher :1:1:60:0
Country Inn & Suites by Carlson Asheville W. Biltmore Estate, Asheville:2017-12-05:0:$169:$99:3 :0:1914 Old Haywood Rd, Asheville, NC, 28806, United States of America, 855-239-9401:28806 :Asheville Victorian hotel with outdoor pool :1:1:80:1
Ramada Asheville / Biltmore West, Asheville:2017-12-05:0:$119:$79:2.5 :0:275 Smokey Park Hwy, Asheville, NC, 28806, United States of America, 855-239-9225:28806 :Family hotel in Asheville with outdoor pool, indoor pool :1:0:159:1
Chestnut Street Inn Bed and Breakfast, Asheville:2017-12-05:0:None:$249:4 :0:176 East Chestnut Street, Asheville, NC, 28801, United States of America, 800-491-6126:28801 :Upscale B&B; in Asheville :1:1:8:0
Abbington Green Bed & Breakfast Inn, Asheville:2017-12-05:0:$409:$239:4.5 :0:46 & 48 Cumberland Circle, Asheville, NC, 28801, United States of America, 800-491-6126:28801 :Asheville city-center guestrooms with fireplaces :1:1:8:0
Days Inn Asheville/Tunnel Road & I-40, Asheville:2017-12-05:0:None:$67:2.5 :0:1435 Tunnel Rd, Asheville, NC, 28805, United States of America, 855-238-1590:28805 :No-frills Asheville hotel with outdoor pool :1:1:84:1
Carolina Bed & Breakfast, Asheville:2017-12-05:0:None:$225:4 :0:177 Cumberland Ave., Asheville, NC, 28801, United States of America, 800-491-6126:28801 :Upscale Asheville guestrooms with fireplaces :0:1:6:0
The Windsor Boutique Hotel, Asheville:2017-12-06:0:None:$289:4 :0:36 Broadway Street, Asheville, NC, 28801, United States of America, 800-491-6126:28801 :Upscale hotel within easy reach of Asheville Mall :1:0:14:0
Haywood Park Hotel, Asheville:2017-12-06:0:None:$259:4 :0:1 Battery Park Ave, Asheville, NC, 28801, United States of America, 800-491-6126:28801 :4-star hotel with restaurant, near Asheville Mall :1:1:33:0
Four Points by Sheraton Asheville Downtown, Asheville:2017-12-06:0:None:$99:3 :0:22 Woodfin St, Asheville, NC, 28801, United States of America, 855-239-9480:28801 :Mountain hotel with outdoor pool, near Asheville Mall :1:0:150:1
Renaissance Asheville Hotel, Asheville:2017-12-06:0:None:$149:3.5 :0:31 Woodfin Street, Asheville, NC, 28801, United States of America, 800-491-6126:28801 :Mountain hotel with indoor pool, near Asheville Mall :1:0:277:1
Aloft Asheville Downtown, Asheville:2017-12-06:0:None:$159:3 :0:51 Biltmore Avenue, Asheville, NC, 28801, United States of America, 800-491-6126:28801 :3-star hotel with outdoor pool, near Asheville Mall :1:0:115:1
Downtown Inn and Suites, Asheville:2017-12-06:0:None:$89:3 :0:120 Patton Avenue, Asheville, NC, 28801, United States of America, 800-491-6126:28801 :City-center Downtown Asheville motel with outdoor pool :1:1:89:1
Hotel Indigo Asheville Downtown, Asheville:2017-12-06:0:None:$143:3.5 :0:151 Haywood Street, Asheville, NC, 28801, United States of America, 800-491-6126:28801 :3.5-star hotel in Downtown Asheville with restaurant, bar/lounge :1:0:115:0
Hyatt Place Asheville/Downtown, Asheville:2017-12-06:0:$152:$129:3 :0:199 Haywood St, Asheville, NC, 28801, United States of America, 866-539-8122:28801 :Mountain hotel in Downtown Asheville with indoor pool, restaurant :1:1:140:1
Hilton Garden Inn Asheville Downtown, Asheville:2017-12-06:0:None:$116:3 :0:309 College St, Asheville, NC, 28801, United States of America, 855-239-9477:28801 :3-star hotel with 2 bars/lounges, near Asheville Mall :1:0:2:1
Bunn House - A Boutique Hotel, Asheville:2017-12-06:0:None:$319:4 :0:15 Clayton Street, Asheville, NC, 28801, United States of America, 800-491-6126:28801 :Adults-only hotel within easy reach of Asheville Mall :1:1:5:0
Princess Anne Bed & Breakfast, Asheville:2017-12-06:0:None:$135:3.5 :0:301 East Chestnut Street, Asheville, NC, 28801, United States of America, 800-491-6126:28801 :City-center B&B; within easy reach of Asheville Mall :1:0:16:0
Hill House Bed & Breakfast, Asheville:2017-12-06:0:None:$139:4 :0:120 Hillside St, Asheville, NC, 28801, United States of America, 800-491-6126:28801 :Upscale Asheville guestrooms with fireplaces :1:1:10:0
The Black Walnut B & B Inn, Asheville:2017-12-06:0:None:$240:4.5 :0:288 Montford Avenue, Asheville, NC, 28801, United States of America, 800-491-6126:28801 :Adults-only B&B; on boardwalk in Asheville :1:1:8:0
Abbington Green Bed & Breakfast Inn, Asheville:2017-12-06:0:None:$239:4.5 :0:46 & 48 Cumberland Circle, Asheville, NC, 28801, United States of America, 800-491-6126:28801 :Asheville city-center guestrooms with fireplaces :1:1:8:0
1900 Inn on Montford, Asheville:2017-12-06:0:None:$275:4 :0:296 Montford Avenue, Asheville, NC, 28801, United States of America, 800-491-6126:28801 :Asheville city-center guestrooms with fireplaces :1:1:8:0
Holiday Inn & Suites Asheville Downtown, Asheville:2017-12-06:0:None:$91:3 :0:42 Tunnel Rd, Asheville, NC, 28805, United States of America, 855-239-9227:28805 :3-star hotel with outdoor pool, near Asheville Mall :1:0:111:1
1899 Wright Inn & Carriage House, Asheville:2017-12-06:0:None:$165:3.5 :0:235 Pearson Drive, Asheville, NC, 28801, United States of America, 800-491-6126:28801 :Victorian B&B; in Asheville :1:1:10:0
The Beaucatcher – A Boutique Motel, Asheville:2017-12-06:0:None:$74:2.5 :0:60 TUNNEL ROAD, Asheville, NC, 28805, United States of America, 800-491-6126:28805 :Motel with bar/lounge, near Asheville Mall :1:1:33:0
Homewood Suites by Hilton - Asheville, Asheville:2017-12-06:0:None:$119:3 :0:88 Tunnel Rd, Asheville, NC, 28805, United States of America, 855-239-9397:28805 :Mountain hotel with indoor pool, near Asheville Mall :1:1:94:1
Country Inn & Suites By Carlson, Asheville Westgate, NC, Asheville:2017-12-06:0:None:$107:3 :0:22 Westgate Parkway, Asheville, NC, 28806, United States of America, 855-239-9401:28806 :Mountain Asheville hotel with indoor pool :1:1:94:1
The Mountaineer Inn, Asheville:2017-12-06:0:None:$62:2 :0:155 Tunnel Road, Asheville, NC, 28805-1887, United States of America, 800-491-6126:28805-1887 :Mountain motel with outdoor pool, near Asheville Mall :1:1:76:1
Extended Stay America - Asheville - Tunnel Road, Asheville:2017-12-06:0:$70:$63:2.5 :0:6 Kenilworth Knoll, Asheville, NC, 28805, United States of America, 800-658-6760:28805 :Within easy reach of Asheville Mall :1:1:101:0
Albemarle Inn, Asheville:2017-12-06:0:None:$225:3.5 :0:86 Edgemont Road, Asheville, NC, 28801-1544, United States of America, 800-491-6126:28801-1544 :Asheville B&B; in historical district :1:1:11:0
Super 8 Asheville Tunnel Road, Asheville:2017-12-06:0:None:$66:2.5 :0:180 Tunnel Rd, Asheville, NC, 28805, United States of America, 855-238-1592:28805 :Convenient to Asheville Mall :1:1:57:0
Econo Lodge Biltmore, Asheville:2017-12-06:0:None:$64:2 :0:190 Tunnel Rd, Asheville, NC, 28805, United States of America, 855-239-9479:28805 :City-center motel within easy reach of Asheville Mall :1:1:53:0
Crowne Plaza Resort Asheville, Asheville:2017-12-06:0:None:$80:3.5 :0:1 Resort Dr, Asheville, NC, 28806, United States of America, 800-491-6126:28806 :3.5-star hotel in Asheville with 2 outdoor pools, golf course :1:0:274:1
Courtyard by Marriott Asheville, Asheville:2017-12-06:0:None:$101:3 :0:1 Buckstone Pl, Asheville, NC, 28805, United States of America, 855-239-9399:28805 :Mountain hotel with indoor pool, near Asheville Mall :1:0:78:1
SpringHill Suites by Marriott Asheville, Asheville:2017-12-06:0:None:$93:3 :0:2 Buckstone Place, Asheville, NC, 28805, United States of America, 855-239-9485:28805 :Mountain hotel with indoor pool, near Asheville Mall :1:1:88:1
Days Inn Asheville/Mall, Asheville:2017-12-06:0:None:$79:2 :0:201 Tunnel Road, I-40 & Hwy 240, Asheville, NC, 28805, United States of America, 855-238-1590:28805 :Mountain hotel with outdoor pool, near Asheville Mall :1:1:127:1
Country Inn & Suites By Carlson Asheville Downtown Tunnel Rd, Asheville:2017-12-06:0:None:$94:3 :0:199 Tunnel Rd, Asheville, NC, 28805, United States of America, 855-239-9401:28805 :3-star hotel with indoor pool, near Asheville Mall :1:1:74:1
Hampton Inn Asheville-Tunnel Rd., Asheville:2017-12-06:0:None:$98:2.5 :0:204 Tunnel Rd, Asheville, NC, 28805, United States of America, 855-238-1591:28805 :Mountain hotel with indoor pool, near Asheville Mall :1:1:120:1
Residence Inn by Marriott Asheville Biltmore, Asheville:2017-12-06:0:None:$169:3 :0:701 Biltmore Avenue, Asheville, NC, 28803, United States of America, 855-239-9485:28803 :3-star hotel with indoor pool, near Asheville Mall :1:1:72:1
The Residences at Biltmore, Asheville:2017-12-06:0:None:$139:3.5 :0:700 Biltmore Ave, Asheville, NC, 28803, United States of America, 800-491-6126:28803 :Comfortable apartment with fireplace, near Asheville Mall :1:0:114:1
The Omni Grove Park Inn, Asheville:2017-12-06:0:$219:$186:4 :0:290 Macon Avenue, Asheville, NC, 28804, United States of America, 800-491-6126:28804 :4-star resort in Asheville with golf course, spa :1:0:513:1
OM Sanctuary - A Holistic Retreat, Asheville:2017-12-06:0:None:$152:2.5 :0:87 Richmond Hill Dr., Asheville, NC, 28806, United States of America, 800-491-6126:28806 :No-frills Asheville guestrooms with fireplaces :1:1:24:0
Grand Bohemian Asheville, Autograph Collection, Asheville:2017-12-06:0:None:$259:4.5 :0:11 Boston Way, Asheville, NC, 28803, United States of America, 800-491-6126:28803 :Luxury hotel with spa, near Biltmore Estate :1:0:104:0
Best Western Asheville Tunnel Road, Asheville:2017-12-06:0:None:$74:2.5 :0:501 Tunnel Rd, Asheville, NC, 28805, United States of America, 866-925-8648:28805 :Hotel with outdoor pool, near Asheville Mall :1:1:95:1
Posh Boutique Hotel, Asheville:2017-12-06:0:$400:$184:3.5 :0:8 Village Lane, Asheville, NC, 28803, United States of America, 800-491-6126:28803 :Comfortable condo with fireplace, near Biltmore Estate :1:0:8:0
DoubleTree by Hilton Asheville - Biltmore, Asheville:2017-12-06:0:None:$161:3.5 :0:115 Hendersonville Road, Asheville, NC, 28803, United States of America, 855-239-9478:28803 :Mountain hotel with indoor pool, near Biltmore Estate :1:0:197:1
Biltmore Village Inn Bed and Breakfast, Asheville:2017-12-06:0:None:$220:4 :0:119 Dodge St, Asheville, NC, 28803, United States of America, 800-491-6126:28803 :Upscale B&B; within easy reach of Biltmore Estate :1:1:7:0
The Windsor Boutique Hotel, Asheville:2017-12-07:0:None:$289:4 :0:36 Broadway Street, Asheville, NC, 28801, United States of America, 800-491-6126:28801 :Upscale hotel within easy reach of Asheville Mall :1:0:14:0
Haywood Park Hotel, Asheville:2017-12-07:0:None:$259:4 :0:1 Battery Park Ave, Asheville, NC, 28801, United States of America, 800-491-6126:28801 :4-star hotel with restaurant, near Asheville Mall :1:1:33:0
Four Points by Sheraton Asheville Downtown, Asheville:2017-12-07:0:None:$99:3 :0:22 Woodfin St, Asheville, NC, 28801, United States of America, 855-239-9480:28801 :Mountain hotel with outdoor pool, near Asheville Mall :1:0:150:1
Renaissance Asheville Hotel, Asheville:2017-12-07:0:None:$149:3.5 :0:31 Woodfin Street, Asheville, NC, 28801, United States of America, 800-491-6126:28801 :Mountain hotel with indoor pool, near Asheville Mall :1:0:277:1
Aloft Asheville Downtown, Asheville:2017-12-07:0:None:$159:3 :0:51 Biltmore Avenue, Asheville, NC, 28801, United States of America, 800-491-6126:28801 :3-star hotel with outdoor pool, near Asheville Mall :1:0:115:1
Downtown Inn and Suites, Asheville:2017-12-07:0:None:$89:3 :0:120 Patton Avenue, Asheville, NC, 28801, United States of America, 800-491-6126:28801 :City-center Downtown Asheville motel with outdoor pool :1:1:89:1
Hotel Indigo Asheville Downtown, Asheville:2017-12-07:0:None:$143:3.5 :0:151 Haywood Street, Asheville, NC, 28801, United States of America, 800-491-6126:28801 :3.5-star hotel in Downtown Asheville with restaurant, bar/lounge :1:0:115:0
Hyatt Place Asheville/Downtown, Asheville:2017-12-07:0:$152:$129:3 :0:199 Haywood St, Asheville, NC, 28801, United States of America, 866-539-8122:28801 :Mountain hotel in Downtown Asheville with indoor pool, restaurant :1:1:140:1
Hilton Garden Inn Asheville Downtown, Asheville:2017-12-07:0:None:$116:3 :0:309 College St, Asheville, NC, 28801, United States of America, 855-239-9477:28801 :3-star hotel with 2 bars/lounges, near Asheville Mall :1:0:2:1
Bunn House - A Boutique Hotel, Asheville:2017-12-07:0:None:$319:4 :0:15 Clayton Street, Asheville, NC, 28801, United States of America, 800-491-6126:28801 :Adults-only hotel within easy reach of Asheville Mall :1:1:5:0
Princess Anne Bed & Breakfast, Asheville:2017-12-07:0:None:$135:3.5 :0:301 East Chestnut Street, Asheville, NC, 28801, United States of America, 800-491-6126:28801 :City-center B&B; within easy reach of Asheville Mall :1:0:16:0
Hill House Bed & Breakfast, Asheville:2017-12-07:0:None:$159:4 :0:120 Hillside St, Asheville, NC, 28801, United States of America, 800-491-6126:28801 :Upscale Asheville guestrooms with fireplaces :1:1:10:0
The Black Walnut B & B Inn, Asheville:2017-12-07:0:None:$240:4.5 :0:288 Montford Avenue, Asheville, NC, 28801, United States of America, 800-491-6126:28801 :Adults-only B&B; on boardwalk in Asheville :1:1:8:0
Abbington Green Bed & Breakfast Inn, Asheville:2017-12-07:0:None:$239:4.5 :0:46 & 48 Cumberland Circle, Asheville, NC, 28801, United States of America, 800-491-6126:28801 :Asheville city-center guestrooms with fireplaces :1:1:8:0
1900 Inn on Montford, Asheville:2017-12-07:0:None:$275:4 :0:296 Montford Avenue, Asheville, NC, 28801, United States of America, 800-491-6126:28801 :Asheville city-center guestrooms with fireplaces :1:1:8:0
Holiday Inn & Suites Asheville Downtown, Asheville:2017-12-07:0:None:$99:3 :0:42 Tunnel Rd, Asheville, NC, 28805, United States of America, 855-239-9227:28805 :3-star hotel with outdoor pool, near Asheville Mall :1:0:111:1
1899 Wright Inn & Carriage House, Asheville:2017-12-07:0:None:$165:3.5 :0:235 Pearson Drive, Asheville, NC, 28801, United States of America, 800-491-6126:28801 :Victorian B&B; in Asheville :1:1:10:0
The Beaucatcher – A Boutique Motel, Asheville:2017-12-07:0:None:$74:2.5 :0:60 TUNNEL ROAD, Asheville, NC, 28805, United States of America, 800-491-6126:28805 :Motel with bar/lounge, near Asheville Mall :1:1:33:0
Homewood Suites by Hilton - Asheville, Asheville:2017-12-07:0:None:$101:3 :0:88 Tunnel Rd, Asheville, NC, 28805, United States of America, 855-239-9397:28805 :Mountain hotel with indoor pool, near Asheville Mall :1:1:94:1
Country Inn & Suites By Carlson, Asheville Westgate, NC, Asheville:2017-12-07:0:None:$119:3 :0:22 Westgate Parkway, Asheville, NC, 28806, United States of America, 855-239-9401:28806 :Mountain Asheville hotel with indoor pool :1:1:94:1
The Mountaineer Inn, Asheville:2017-12-07:0:None:$62:2 :0:155 Tunnel Road, Asheville, NC, 28805-1887, United States of America, 800-491-6126:28805-1887 :Mountain motel with outdoor pool, near Asheville Mall :1:1:76:1
Extended Stay America - Asheville - Tunnel Road, Asheville:2017-12-07:0:$75:$67:2.5 :0:6 Kenilworth Knoll, Asheville, NC, 28805, United States of America, 800-658-6760:28805 :Within easy reach of Asheville Mall :1:1:101:0
Albemarle Inn, Asheville:2017-12-07:0:None:$195:3.5 :0:86 Edgemont Road, Asheville, NC, 28801-1544, United States of America, 800-491-6126:28801-1544 :Asheville B&B; in historical district :1:1:11:0
Super 8 Asheville Tunnel Road, Asheville:2017-12-07:0:None:$68:2.5 :0:180 Tunnel Rd, Asheville, NC, 28805, United States of America, 855-238-1592:28805 :Convenient to Asheville Mall :1:1:57:0
Econo Lodge Biltmore, Asheville:2017-12-07:0:None:$64:2 :0:190 Tunnel Rd, Asheville, NC, 28805, United States of America, 855-239-9479:28805 :City-center motel within easy reach of Asheville Mall :1:1:53:0
Crowne Plaza Resort Asheville, Asheville:2017-12-07:0:None:$80:3.5 :0:1 Resort Dr, Asheville, NC, 28806, United States of America, 800-491-6126:28806 :3.5-star hotel in Asheville with 2 outdoor pools, golf course :1:0:274:1
Courtyard by Marriott Asheville, Asheville:2017-12-07:0:None:$101:3 :0:1 Buckstone Pl, Asheville, NC, 28805, United States of America, 855-239-9399:28805 :Mountain hotel with indoor pool, near Asheville Mall :1:0:78:1
SpringHill Suites by Marriott Asheville, Asheville:2017-12-07:0:None:$101:3 :0:2 Buckstone Place, Asheville, NC, 28805, United States of America, 855-239-9485:28805 :Mountain hotel with indoor pool, near Asheville Mall :1:1:88:1
Days Inn Asheville/Mall, Asheville:2017-12-07:0:None:$79:2 :0:201 Tunnel Road, I-40 & Hwy 240, Asheville, NC, 28805, United States of America, 855-238-1590:28805 :Mountain hotel with outdoor pool, near Asheville Mall :1:1:127:1
Country Inn & Suites By Carlson Asheville Downtown Tunnel Rd, Asheville:2017-12-07:0:None:$94:3 :0:199 Tunnel Rd, Asheville, NC, 28805, United States of America, 855-239-9401:28805 :3-star hotel with indoor pool, near Asheville Mall :1:1:74:1
Hampton Inn Asheville-Tunnel Rd., Asheville:2017-12-07:0:None:$98:2.5 :0:204 Tunnel Rd, Asheville, NC, 28805, United States of America, 855-238-1591:28805 :Mountain hotel with indoor pool, near Asheville Mall :1:1:120:1
Residence Inn by Marriott Asheville Biltmore, Asheville:2017-12-07:0:None:$169:3 :0:701 Biltmore Avenue, Asheville, NC, 28803, United States of America, 855-239-9485:28803 :3-star hotel with indoor pool, near Asheville Mall :1:1:72:1
The Residences at Biltmore, Asheville:2017-12-07:0:None:$139:3.5 :0:700 Biltmore Ave, Asheville, NC, 28803, United States of America, 800-491-6126:28803 :Comfortable apartment with fireplace, near Asheville Mall :1:0:114:1
The Omni Grove Park Inn, Asheville:2017-12-07:0:$219:$186:4 :0:290 Macon Avenue, Asheville, NC, 28804, United States of America, 800-491-6126:28804 :4-star resort in Asheville with golf course, spa :1:0:513:1
OM Sanctuary - A Holistic Retreat, Asheville:2017-12-07:0:None:$152:2.5 :0:87 Richmond Hill Dr., Asheville, NC, 28806, United States of America, 800-491-6126:28806 :No-frills Asheville guestrooms with fireplaces :1:1:24:0
Grand Bohemian Asheville, Autograph Collection, Asheville:2017-12-07:0:None:$259:4.5 :0:11 Boston Way, Asheville, NC, 28803, United States of America, 800-491-6126:28803 :Luxury hotel with spa, near Biltmore Estate :1:0:104:0
Best Western Asheville Tunnel Road, Asheville:2017-12-07:0:None:$79:2.5 :0:501 Tunnel Rd, Asheville, NC, 28805, United States of America, 866-925-8648:28805 :Hotel with outdoor pool, near Asheville Mall :1:1:95:1
Posh Boutique Hotel, Asheville:2017-12-07:0:$400:$184:3.5 :0:8 Village Lane, Asheville, NC, 28803, United States of America, 800-491-6126:28803 :Comfortable condo with fireplace, near Biltmore Estate :1:0:8:0
DoubleTree by Hilton Asheville - Biltmore, Asheville:2017-12-07:0:None:$161:3.5 :0:115 Hendersonville Road, Asheville, NC, 28803, United States of America, 855-239-9478:28803 :Mountain hotel with indoor pool, near Biltmore Estate :1:0:197:1
Biltmore Village Inn Bed and Breakfast, Asheville:2017-12-07:0:None:$220:4 :0:119 Dodge St, Asheville, NC, 28803, United States of America, 800-491-6126:28803 :Upscale B&B; within easy reach of Biltmore Estate :1:1:7:0
The Windsor Boutique Hotel, Asheville:2017-12-08:0:None:$289:4 :0:36 Broadway Street, Asheville, NC, 28801, United States of America, 800-491-6126:28801 :Upscale hotel within easy reach of Asheville Mall :1:0:14:0
Haywood Park Hotel, Asheville:2017-12-08:0:None:$259:4 :0:1 Battery Park Ave, Asheville, NC, 28801, United States of America, 800-491-6126:28801 :4-star hotel with restaurant, near Asheville Mall :1:1:33:0
Four Points by Sheraton Asheville Downtown, Asheville:2017-12-08:0:None:$99:3 :0:22 Woodfin St, Asheville, NC, 28801, United States of America, 855-239-9480:28801 :Mountain hotel with outdoor pool, near Asheville Mall :1:0:150:1
Renaissance Asheville Hotel, Asheville:2017-12-08:0:None:$149:3.5 :0:31 Woodfin Street, Asheville, NC, 28801, United States of America, 800-491-6126:28801 :Mountain hotel with indoor pool, near Asheville Mall :1:0:277:1
Aloft Asheville Downtown, Asheville:2017-12-08:0:None:$159:3 :0:51 Biltmore Avenue, Asheville, NC, 28801, United States of America, 800-491-6126:28801 :3-star hotel with outdoor pool, near Asheville Mall :1:0:115:1
Downtown Inn and Suites, Asheville:2017-12-08:0:None:$89:3 :0:120 Patton Avenue, Asheville, NC, 28801, United States of America, 800-491-6126:28801 :City-center Downtown Asheville motel with outdoor pool :1:1:89:1
Hotel Indigo Asheville Downtown, Asheville:2017-12-08:0:None:$143:3.5 :0:151 Haywood Street, Asheville, NC, 28801, United States of America, 800-491-6126:28801 :3.5-star hotel in Downtown Asheville with restaurant, bar/lounge :1:0:115:0
Hyatt Place Asheville/Downtown, Asheville:2017-12-08:0:$143:$137:3 :0:199 Haywood St, Asheville, NC, 28801, United States of America, 866-539-8122:28801 :Mountain hotel in Downtown Asheville with indoor pool, restaurant :1:1:140:1
Hilton Garden Inn Asheville Downtown, Asheville:2017-12-08:0:None:$116:3 :0:309 College St, Asheville, NC, 28801, United States of America, 855-239-9477:28801 :3-star hotel with 2 bars/lounges, near Asheville Mall :1:0:2:1
Bunn House - A Boutique Hotel, Asheville:2017-12-08:0:None:$319:4 :0:15 Clayton Street, Asheville, NC, 28801, United States of America, 800-491-6126:28801 :Adults-only hotel within easy reach of Asheville Mall :1:1:5:0
Princess Anne Bed & Breakfast, Asheville:2017-12-08:0:None:$135:3.5 :0:301 East Chestnut Street, Asheville, NC, 28801, United States of America, 800-491-6126:28801 :City-center B&B; within easy reach of Asheville Mall :1:0:16:0
Hill House Bed & Breakfast, Asheville:2017-12-08:0:None:$139:4 :0:120 Hillside St, Asheville, NC, 28801, United States of America, 800-491-6126:28801 :Upscale Asheville guestrooms with fireplaces :1:1:10:0
The Black Walnut B & B Inn, Asheville:2017-12-08:0:None:$240:4.5 :0:288 Montford Avenue, Asheville, NC, 28801, United States of America, 800-491-6126:28801 :Adults-only B&B; on boardwalk in Asheville :1:1:8:0
Abbington Green Bed & Breakfast Inn, Asheville:2017-12-08:0:None:$239:4.5 :0:46 & 48 Cumberland Circle, Asheville, NC, 28801, United States of America, 800-491-6126:28801 :Asheville city-center guestrooms with fireplaces :1:1:8:0
1900 Inn on Montford, Asheville:2017-12-08:0:None:$275:4 :0:296 Montford Avenue, Asheville, NC, 28801, United States of America, 800-491-6126:28801 :Asheville city-center guestrooms with fireplaces :1:1:8:0
Holiday Inn & Suites Asheville Downtown, Asheville:2017-12-08:0:None:$99:3 :0:42 Tunnel Rd, Asheville, NC, 28805, United States of America, 855-239-9227:28805 :3-star hotel with outdoor pool, near Asheville Mall :1:0:111:1
1899 Wright Inn & Carriage House, Asheville:2017-12-08:0:None:$165:3.5 :0:235 Pearson Drive, Asheville, NC, 28801, United States of America, 800-491-6126:28801 :Victorian B&B; in Asheville :1:1:10:0
The Beaucatcher – A Boutique Motel, Asheville:2017-12-08:0:None:$74:2.5 :0:60 TUNNEL ROAD, Asheville, NC, 28805, United States of America, 800-491-6126:28805 :Motel with bar/lounge, near Asheville Mall :1:1:33:0
Homewood Suites by Hilton - Asheville, Asheville:2017-12-08:0:None:$101:3 :0:88 Tunnel Rd, Asheville, NC, 28805, United States of America, 855-239-9397:28805 :Mountain hotel with indoor pool, near Asheville Mall :1:1:94:1
Country Inn & Suites By Carlson, Asheville Westgate, NC, Asheville:2017-12-08:0:None:$119:3 :0:22 Westgate Parkway, Asheville, NC, 28806, United States of America, 855-239-9401:28806 :Mountain Asheville hotel with indoor pool :1:1:94:1
The Mountaineer Inn, Asheville:2017-12-08:0:None:$62:2 :0:155 Tunnel Road, Asheville, NC, 28805-1887, United States of America, 800-491-6126:28805-1887 :Mountain motel with outdoor pool, near Asheville Mall :1:1:76:1
Extended Stay America - Asheville - Tunnel Road, Asheville:2017-12-08:0:$75:$67:2.5 :0:6 Kenilworth Knoll, Asheville, NC, 28805, United States of America, 800-658-6760:28805 :Within easy reach of Asheville Mall :1:1:101:0
Albemarle Inn, Asheville:2017-12-08:0:None:$225:3.5 :0:86 Edgemont Road, Asheville, NC, 28801-1544, United States of America, 800-491-6126:28801-1544 :Asheville B&B; in historical district :1:1:11:0
Super 8 Asheville Tunnel Road, Asheville:2017-12-08:0:None:$66:2.5 :0:180 Tunnel Rd, Asheville, NC, 28805, United States of America, 855-238-1592:28805 :Convenient to Asheville Mall :1:1:57:0
Econo Lodge Biltmore, Asheville:2017-12-08:0:None:$64:2 :0:190 Tunnel Rd, Asheville, NC, 28805, United States of America, 855-239-9479:28805 :City-center motel within easy reach of Asheville Mall :1:1:53:0
Crowne Plaza Resort Asheville, Asheville:2017-12-08:0:None:$80:3.5 :0:1 Resort Dr, Asheville, NC, 28806, United States of America, 800-491-6126:28806 :3.5-star hotel in Asheville with 2 outdoor pools, golf course :1:0:274:1
Courtyard by Marriott Asheville, Asheville:2017-12-08:0:None:$101:3 :0:1 Buckstone Pl, Asheville, NC, 28805, United States of America, 855-239-9399:28805 :Mountain hotel with indoor pool, near Asheville Mall :1:0:78:1
SpringHill Suites by Marriott Asheville, Asheville:2017-12-08:0:None:$93:3 :0:2 Buckstone Place, Asheville, NC, 28805, United States of America, 855-239-9485:28805 :Mountain hotel with indoor pool, near Asheville Mall :1:1:88:1
Days Inn Asheville/Mall, Asheville:2017-12-08:0:None:$79:2 :0:201 Tunnel Road, I-40 & Hwy 240, Asheville, NC, 28805, United States of America, 855-238-1590:28805 :Mountain hotel with outdoor pool, near Asheville Mall :1:1:127:1
Country Inn & Suites By Carlson Asheville Downtown Tunnel Rd, Asheville:2017-12-08:0:None:$94:3 :0:199 Tunnel Rd, Asheville, NC, 28805, United States of America, 855-239-9401:28805 :3-star hotel with indoor pool, near Asheville Mall :1:1:74:1
Hampton Inn Asheville-Tunnel Rd., Asheville:2017-12-08:0:None:$98:2.5 :0:204 Tunnel Rd, Asheville, NC, 28805, United States of America, 855-238-1591:28805 :Mountain hotel with indoor pool, near Asheville Mall :1:1:120:1
Residence Inn by Marriott Asheville Biltmore, Asheville:2017-12-08:0:None:$169:3 :0:701 Biltmore Avenue, Asheville, NC, 28803, United States of America, 855-239-9485:28803 :3-star hotel with indoor pool, near Asheville Mall :1:1:72:1
The Residences at Biltmore, Asheville:2017-12-08:0:None:$139:3.5 :0:700 Biltmore Ave, Asheville, NC, 28803, United States of America, 800-491-6126:28803 :Comfortable apartment with fireplace, near Asheville Mall :1:0:114:1
The Omni Grove Park Inn, Asheville:2017-12-08:0:$199:$169:4 :0:290 Macon Avenue, Asheville, NC, 28804, United States of America, 800-491-6126:28804 :4-star resort in Asheville with golf course, spa :1:0:513:1
OM Sanctuary - A Holistic Retreat, Asheville:2017-12-08:0:None:$152:2.5 :0:87 Richmond Hill Dr., Asheville, NC, 28806, United States of America, 800-491-6126:28806 :No-frills Asheville guestrooms with fireplaces :1:1:24:0
Grand Bohemian Asheville, Autograph Collection, Asheville:2017-12-08:0:None:$259:4.5 :0:11 Boston Way, Asheville, NC, 28803, United States of America, 800-491-6126:28803 :Luxury hotel with spa, near Biltmore Estate :1:0:104:0
Best Western Asheville Tunnel Road, Asheville:2017-12-08:0:None:$74:2.5 :0:501 Tunnel Rd, Asheville, NC, 28805, United States of America, 866-925-8648:28805 :Hotel with outdoor pool, near Asheville Mall :1:1:95:1
Posh Boutique Hotel, Asheville:2017-12-08:0:$400:$184:3.5 :0:8 Village Lane, Asheville, NC, 28803, United States of America, 800-491-6126:28803 :Comfortable condo with fireplace, near Biltmore Estate :1:0:8:0
DoubleTree by Hilton Asheville - Biltmore, Asheville:2017-12-08:0:None:$161:3.5 :0:115 Hendersonville Road, Asheville, NC, 28803, United States of America, 855-239-9478:28803 :Mountain hotel with indoor pool, near Biltmore Estate :1:0:197:1
Biltmore Village Inn Bed and Breakfast, Asheville:2017-12-08:0:None:$265:4 :0:119 Dodge St, Asheville, NC, 28803, United States of America, 800-491-6126:28803 :Upscale B&B; within easy reach of Biltmore Estate :1:1:7:0
